user_id,username,email,full_name,last_login,created_on,imageurl
2,ssiviour1,ssiviour1@ow.ly,Suzanna Siviour,2021-10-09 12:55:50.914667,2021-10-08 12:55:50.914667,
3,gsomerled2,gsomerled2@auda.org.au,Geneva Somerled,,2021-10-07 12:55:50.914667,
4,wedginton3,wedginton3@google.com,Winny Edginton,2021-10-06 12:55:50.914667,2021-10-05 12:55:50.914667,
5,mshine4,mshine4@army.mil,Mitchael Shine,2021-10-04 12:55:50.914667,2021-10-03 12:55:50.914667,
6,marnli5,marnli5@google.co.uk,Magdalena Arnli,2021-10-02 12:55:50.914667,2021-10-01 12:55:50.914667,
7,wjohnston6,wjohnston6@omniture.com,Wandis Johnston,2021-09-24 12:55:50.914667,2021-09-29 12:55:50.914667,
8,shenstone7,shenstone7@networksolutions.com,Sibyl Henstone,2021-09-28 12:55:50.914667,2021-09-27 12:55:50.914667,
9,chuffey8,chuffey8@csmonitor.com,Calhoun Huffey,2021-09-26 12:55:50.914667,2021-09-25 12:55:50.914667,
10,asandiland9,asandiland9@sun.com,Adolphe Sandiland,2021-09-24 12:55:50.914667,2021-09-23 12:55:50.914667,
11,sfaiera,sfaiera@goo.ne.jp,Sofie Faier,,2021-09-16 12:55:50.914667,
12,bbordisb,bbordisb@yahoo.com,Barbi Bordis,2021-09-22 12:55:50.914667,2021-09-16 12:55:50.914667,
13,gstathorc,gstathorc@sciencedaily.com,Gabby Stathor,2021-09-16 12:55:50.914667,2021-09-16 12:55:50.914667,
14,gsukbhansd,gsukbhansd@indiegogo.com,Gill Sukbhans,,2021-09-16 12:55:50.914667,
15,jcabbelle,jcabbelle@whitehouse.gov,Jelene Cabbell,2021-09-16 12:55:50.914667,2021-09-16 12:55:50.914667,
16,gedelf,gedelf@businessinsider.com,Galvin Edel,2021-09-16 12:55:50.914667,2021-09-16 12:55:50.914667,
17,bluptong,bluptong@domainmarket.com,Brittney Lupton,2021-09-16 12:55:50.914667,2021-09-16 12:55:50.914667,
18,zbromellh,zbromellh@utexas.edu,Zebulen Bromell,2021-09-16 12:55:50.914667,2021-09-16 12:55:50.914667,
19,gwillsheei,gwillsheei@dedecms.com,Gweneth Willshee,2021-09-16 12:55:50.914667,2021-09-16 12:55:50.914667,
20,aaizikovj,aaizikovj@posterous.com,Amy Aizikov,,2021-09-16 12:55:50.914667,
21,hmaccurtaink,hmaccurtaink@psu.edu,Halie MacCurtain,,2021-09-16 12:55:50.914667,
22,cmanleyl,cmanleyl@posterous.com,Cissiee Manley,2021-09-16 12:55:50.914667,2021-09-16 12:55:50.914667,
23,lblakedenm,lblakedenm@pbs.org,Lucienne Blakeden,2021-09-16 12:55:50.914667,2021-09-16 12:55:50.914667,
24,flinnitn,flinnitn@yahoo.co.jp,Filmore Linnit,2021-09-16 12:55:50.914667,2021-09-16 12:55:50.914667,
25,lbasshamo,lbasshamo@ca.gov,Laraine Bassham,2021-09-16 12:55:50.914667,2021-09-16 12:55:50.914667,
26,gromaynep,gromaynep@lycos.com,Gisella Romayne,,2021-09-16 12:55:50.914667,
27,hmocherq,hmocherq@archive.org,Husein Mocher,2021-09-16 12:55:50.914667,2021-09-16 12:55:50.914667,
28,sspadarir,sspadarir@dailymail.co.uk,Stanislaus Spadari,2021-09-16 12:55:50.914667,2021-09-16 12:55:50.914667,
29,efoukxs,efoukxs@vinaora.com,Etheline Foukx,2021-09-16 12:55:50.914667,2021-09-16 12:55:50.914667,
30,cmcbeitht,cmcbeitht@bing.com,Clywd McBeith,2021-09-16 12:55:50.914667,2021-09-16 12:55:50.914667,
31,fbodicumu,fbodicumu@prlog.org,Felice Bodicum,,2021-09-16 12:55:50.914667,
32,wcurwoodv,wcurwoodv@hubpages.com,Webb Curwood,,2021-09-16 12:55:50.914667,
33,gmacklinw,gmacklinw@163.com,Georgiana Macklin,2021-09-16 12:55:50.914667,2021-09-16 12:55:50.914667,
34,kferrarottix,kferrarottix@amazon.co.uk,Kate Ferrarotti,2021-09-16 12:55:50.914667,2021-09-16 12:55:50.914667,
35,gcloneyy,gcloneyy@un.org,Glen Cloney,,2021-09-16 12:55:50.914667,
36,gcasserleyz,gcasserleyz@infoseek.co.jp,Gale Casserley,2021-09-16 12:55:50.914667,2021-09-16 12:55:50.914667,
37,gduckels10,gduckels10@harvard.edu,Geno Duckels,2021-09-16 12:55:50.914667,2021-09-16 12:55:50.914667,
38,rlorenzetti11,rlorenzetti11@boston.com,Rahel Lorenzetti,,2021-09-16 12:55:50.914667,
39,ldykes12,ldykes12@examiner.com,Lily Dykes,,2021-09-16 12:55:50.914667,
40,msimonich13,msimonich13@ihg.com,Maynord Simonich,,2021-09-16 12:55:50.914667,
41,klicciardo14,klicciardo14@printfriendly.com,Kacey Licciardo,,2021-09-16 12:55:50.914667,
42,nwhatsize15,nwhatsize15@japanpost.jp,Nicholas Whatsize,2021-09-16 12:55:50.914667,2021-09-16 12:55:50.914667,
43,aianinotti16,aianinotti16@blogspot.com,Auroora Ianinotti,2021-09-16 12:55:50.914667,2021-09-16 12:55:50.914667,
44,fcaldwall17,fcaldwall17@themeforest.net,Fanchette Caldwall,,2021-09-16 12:55:50.914667,
45,mharg18,mharg18@quantcast.com,Merralee Harg,,2021-09-16 12:55:50.914667,
46,ggoude19,ggoude19@eventbrite.com,Gracie Goude,2021-09-16 12:55:50.914667,2021-09-16 12:55:50.914667,
47,kbrenard1a,kbrenard1a@patch.com,Karlotta Brenard,2021-09-16 12:55:50.914667,2021-09-16 12:55:50.914667,
48,esemechik1b,esemechik1b@geocities.com,Earlie Semechik,2021-09-16 12:55:50.914667,2021-09-16 12:55:50.914667,
49,mcoche1c,mcoche1c@lycos.com,Michel Coche,2021-09-16 12:55:50.914667,2021-09-16 12:55:50.914667,
50,tzecchini1d,tzecchini1d@cnet.com,Tiena Zecchini,2021-09-16 12:55:50.914667,2021-09-16 12:55:50.914667,
51,esibbs1e,esibbs1e@amazon.de,Estele Sibbs,,2021-09-16 12:55:50.914667,
52,whadrill1f,whadrill1f@economist.com,Waverly Hadrill,2021-09-16 12:55:50.914667,2021-09-16 12:55:50.914667,
53,jphin1g,jphin1g@google.es,Joy Phin,2021-09-16 12:55:50.914667,2021-09-16 12:55:50.914667,
54,kalbro1h,kalbro1h@usnews.com,Kenn Albro,,2021-09-16 12:55:50.914667,
55,mmarzelo1i,mmarzelo1i@deviantart.com,Mara Marzelo,2021-09-16 12:55:50.914667,2021-09-16 12:55:50.914667,
56,nbanbury1j,nbanbury1j@blog.com,Nonah Banbury,2021-09-16 12:55:50.914667,2021-09-16 12:55:50.914667,
57,nflaune1k,nflaune1k@ameblo.jp,Nerita Flaune,2021-09-16 12:55:50.914667,2021-09-16 12:55:50.914667,
58,csatterfitt1l,csatterfitt1l@samsung.com,Chloris Satterfitt,,2021-09-16 12:55:50.914667,
59,acluer1m,acluer1m@dropbox.com,Annadiana Cluer,,2021-09-16 12:55:50.914667,
60,tburton1n,tburton1n@reddit.com,Ted Burton,2021-09-16 12:55:50.914667,2021-09-16 12:55:50.914667,
61,lmacgraith1o,lmacgraith1o@wired.com,Latisha MacGraith,2021-09-16 12:55:50.914667,2021-09-16 12:55:50.914667,
62,ggoodright1p,ggoodright1p@ucoz.ru,Griswold Goodright,2021-09-16 12:55:50.914667,2021-09-16 12:55:50.914667,
63,glangdon1q,glangdon1q@umn.edu,Gilbertine Langdon,2021-09-16 12:55:50.914667,2021-09-16 12:55:50.914667,
64,jwarsap1r,jwarsap1r@nationalgeographic.com,Jewelle Warsap,2021-09-16 12:55:50.914667,2021-09-16 12:55:50.914667,
65,tsculley1s,tsculley1s@businesswire.com,Tilda Sculley,2021-09-16 12:55:50.914667,2021-09-16 12:55:50.914667,
66,pcottingham1t,pcottingham1t@google.es,Patin Cottingham,2021-09-16 12:55:50.914667,2021-09-16 12:55:50.914667,
67,rpurselow1u,rpurselow1u@shareasale.com,Rayshell Purselow,2021-09-16 12:55:50.914667,2021-09-16 12:55:50.914667,
68,fstubley1v,fstubley1v@facebook.com,Fairlie Stubley,2021-09-16 12:55:50.914667,2021-09-16 12:55:50.914667,
69,larthy1w,larthy1w@sina.com.cn,Lukas Arthy,,2021-09-16 12:55:50.914667,
70,tlamond1x,tlamond1x@usatoday.com,Tilda Lamond,2021-09-16 12:55:50.914667,2021-09-16 12:55:50.914667,
71,rcraufurd1y,rcraufurd1y@purevolume.com,Reinaldo Craufurd,2021-09-16 12:55:50.914667,2021-09-16 12:55:50.914667,
72,mstaunton1z,mstaunton1z@domainmarket.com,Mora Staunton,2021-09-16 12:55:50.914667,2021-09-16 12:55:50.914667,
73,nknowlden20,nknowlden20@abc.net.au,Nora Knowlden,2021-09-16 12:55:50.914667,2021-09-16 12:55:50.914667,
74,ebridgestock21,ebridgestock21@sogou.com,Eveline Bridgestock,,2021-09-16 12:55:50.914667,
75,bmoyler22,bmoyler22@netscape.com,Briney Moyler,2021-09-16 12:55:50.914667,2021-09-16 12:55:50.914667,
76,wbeardwell23,wbeardwell23@wix.com,Wald Beardwell,,2021-09-16 12:55:50.914667,
77,cmorphey24,cmorphey24@tiny.cc,Cleopatra Morphey,2021-09-16 12:55:50.914667,2021-09-16 12:55:50.914667,
78,bheaslip25,bheaslip25@acquirethisname.com,Brice Heaslip,2021-09-16 12:55:50.914667,2021-09-16 12:55:50.914667,
79,bspellacy26,bspellacy26@liveinternet.ru,Beverie Spellacy,2021-09-16 12:55:50.914667,2021-09-16 12:55:50.914667,
80,wshirley27,wshirley27@house.gov,Weston Shirley,,2021-09-16 12:55:50.914667,
81,mmcwhan28,mmcwhan28@pagesperso-orange.fr,Miltie McWhan,2021-09-16 12:55:50.914667,2021-09-16 12:55:50.914667,
82,bbuchett29,bbuchett29@trellian.com,Burton Buchett,2021-09-16 12:55:50.914667,2021-09-16 12:55:50.914667,
83,dblase2a,dblase2a@merriam-webster.com,Dorisa Blase,2021-09-16 12:55:50.914667,2021-09-16 12:55:50.914667,
84,cpaulo2b,cpaulo2b@privacy.gov.au,Charissa Paulo,2021-09-16 12:55:50.914667,2021-09-16 12:55:50.914667,
85,lcorns2c,lcorns2c@ifeng.com,Lyndell Corns,,2021-09-16 12:55:50.914667,
86,lspowage2d,lspowage2d@miitbeian.gov.cn,Loralyn Spowage,2021-09-16 12:55:50.914667,2021-09-16 12:55:50.914667,
87,hmains2e,hmains2e@so-net.ne.jp,Holly Mains,,2021-09-16 12:55:50.914667,
88,jcaillou2f,jcaillou2f@newsvine.com,Jemmy Caillou,,2021-09-16 12:55:50.914667,
89,iwitchalls2g,iwitchalls2g@netlog.com,Iggy Witchalls,2021-09-16 12:55:50.914667,2021-09-16 12:55:50.914667,
90,ovalentim2h,ovalentim2h@japanpost.jp,Osbourn Valentim,2021-09-16 12:55:50.914667,2021-09-16 12:55:50.914667,
91,mswayton2i,mswayton2i@answers.com,Mabelle Swayton,2021-09-16 12:55:50.914667,2021-09-16 12:55:50.914667,
92,comohun2j,comohun2j@nyu.edu,Cinnamon O'Mohun,2021-09-16 12:55:50.914667,2021-09-16 12:55:50.914667,
93,pcalles2k,pcalles2k@hp.com,Perle Calles,2021-09-16 12:55:50.914667,2021-09-16 12:55:50.914667,
94,amckerlie2l,amckerlie2l@bizjournals.com,Adore McKerlie,,2021-09-16 12:55:50.914667,
95,csazio2m,csazio2m@flavors.me,Cameron Sazio,2021-09-16 12:55:50.914667,2021-09-16 12:55:50.914667,
96,gbarosch2n,gbarosch2n@networksolutions.com,Greta Barosch,2021-09-16 12:55:50.914667,2021-09-16 12:55:50.914667,
97,lwelds2o,lwelds2o@jimdo.com,Lenka Welds,2021-09-16 12:55:50.914667,2021-09-16 12:55:50.914667,
98,kcandy2p,kcandy2p@ycombinator.com,Katherine Candy,2021-09-16 12:55:50.914667,2021-09-16 12:55:50.914667,
99,tullock2q,tullock2q@smugmug.com,Tarah Ullock,,2021-09-16 12:55:50.914667,
100,rstallard2r,rstallard2r@google.ca,Rutter Stallard,2021-09-16 12:55:50.914667,2021-09-16 12:55:50.914667,
101,dwinter2s,dwinter2s@flickr.com,Dillon Winter,2021-09-16 12:55:50.914667,2021-09-16 12:55:50.914667,
102,cchalfain2t,cchalfain2t@xing.com,Cirillo Chalfain,,2021-09-16 12:55:50.914667,
103,hfarge2u,hfarge2u@shutterfly.com,Hilda Farge,2021-09-16 12:55:50.914667,2021-09-16 12:55:50.914667,
104,mgeany2v,mgeany2v@unc.edu,Mose Geany,2021-09-16 12:55:50.914667,2021-09-16 12:55:50.914667,
105,bstieger2w,bstieger2w@rambler.ru,Berne Stieger,2021-09-16 12:55:50.914667,2021-09-16 12:55:50.914667,
106,jtrousdell2x,jtrousdell2x@ox.ac.uk,Jerrilyn Trousdell,2021-09-16 12:55:50.914667,2021-09-16 12:55:50.914667,
107,wstenet2y,wstenet2y@apache.org,Willette Stenet,2021-09-16 12:55:50.914667,2021-09-16 12:55:50.914667,
108,bfarquharson2z,bfarquharson2z@a8.net,Brigida Farquharson,,2021-09-16 12:55:50.914667,
109,gvedenyakin30,gvedenyakin30@cdc.gov,Georgia Vedenyakin,,2021-09-16 12:55:50.914667,
110,gdalligan31,gdalligan31@fda.gov,Georgeta Dalligan,2021-09-16 12:55:50.914667,2021-09-16 12:55:50.914667,
111,hburet32,hburet32@webeden.co.uk,Heda Buret,2021-09-16 12:55:50.914667,2021-09-16 12:55:50.914667,
112,erobrose33,erobrose33@seattletimes.com,Eward Robrose,2021-09-16 12:55:50.914667,2021-09-16 12:55:50.914667,
113,pmatthaus34,pmatthaus34@wunderground.com,Port Matthaus,2021-09-16 12:55:50.914667,2021-09-16 12:55:50.914667,
114,zgeal35,zgeal35@a8.net,Zola Geal,2021-09-16 12:55:50.914667,2021-09-16 12:55:50.914667,
115,jwyard36,jwyard36@google.ru,Johnathan Wyard,2021-09-16 12:55:50.914667,2021-09-16 12:55:50.914667,
116,bklaves37,bklaves37@dailymotion.com,Brodie Klaves,2021-09-16 12:55:50.914667,2021-09-16 12:55:50.914667,
117,ebendtsen38,ebendtsen38@disqus.com,Evangelin Bendtsen,,2021-09-16 12:55:50.914667,
118,bkennford39,bkennford39@nbcnews.com,Babette Kennford,2021-09-16 12:55:50.914667,2021-09-16 12:55:50.914667,
119,rbarnsdall3a,rbarnsdall3a@chron.com,Reggie Barnsdall,2021-09-16 12:55:50.914667,2021-09-16 12:55:50.914667,
120,stankard3b,stankard3b@drupal.org,Stevana Tankard,,2021-09-16 12:55:50.914667,
121,khector3c,khector3c@unesco.org,Kaitlynn Hector,2021-09-16 12:55:50.914667,2021-09-16 12:55:50.914667,
122,mbotley3d,mbotley3d@edublogs.org,Merla Botley,,2021-09-16 12:55:50.914667,
123,lvanacci3e,lvanacci3e@geocities.jp,Legra Vanacci,2021-09-16 12:55:50.914667,2021-09-16 12:55:50.914667,
124,qsharnock3f,qsharnock3f@blogspot.com,Quincey Sharnock,2021-09-16 12:55:50.914667,2021-09-16 12:55:50.914667,
125,lorr3g,lorr3g@cnbc.com,Lorita Orr,2021-09-16 12:55:50.914667,2021-09-16 12:55:50.914667,
126,pfrodsam3h,pfrodsam3h@discovery.com,Patience Frodsam,,2021-09-16 12:55:50.914667,
127,dgeibel3i,dgeibel3i@gov.uk,Danella Geibel,,2021-09-16 12:55:50.914667,
128,lloftin3j,lloftin3j@facebook.com,Lavinie Loftin,2021-09-16 12:55:50.914667,2021-09-16 12:55:50.914667,
129,gbuesnel3k,gbuesnel3k@aboutads.info,Giacinta Buesnel,,2021-09-16 12:55:50.914667,
130,kalvaro3l,kalvaro3l@51.la,Kerstin Alvaro,,2021-09-16 12:55:50.914667,
131,uwynch3m,uwynch3m@ebay.co.uk,Una Wynch,,2021-09-16 12:55:50.914667,
132,agrimditch3n,agrimditch3n@dropbox.com,Arman Grimditch,2021-09-16 12:55:50.914667,2021-09-16 12:55:50.914667,
133,llydster3o,llydster3o@indiegogo.com,Lenka Lydster,2021-09-16 12:55:50.914667,2021-09-16 12:55:50.914667,
134,cnix3p,cnix3p@timesonline.co.uk,Candra Nix,,2021-09-16 12:55:50.914667,
135,cwinkless3q,cwinkless3q@cbslocal.com,Chlo Winkless,,2021-09-16 12:55:50.914667,
136,fmcgowan3r,fmcgowan3r@loc.gov,Florie McGowan,,2021-09-16 12:55:50.914667,
137,knorssister3s,knorssister3s@constantcontact.com,Karon Norssister,,2021-09-16 12:55:50.914667,
138,jhoogendorp3t,jhoogendorp3t@is.gd,Jaynell Hoogendorp,,2021-09-16 12:55:50.914667,
139,iasipenko3u,iasipenko3u@whitehouse.gov,Isacco Asipenko,2021-09-16 12:55:50.914667,2021-09-16 12:55:50.914667,
140,shamper3v,shamper3v@yandex.ru,Sabrina Hamper,,2021-09-16 12:55:50.914667,
141,zjelkes3w,zjelkes3w@51.la,Zelda Jelkes,2021-09-16 12:55:50.914667,2021-09-16 12:55:50.914667,
142,dgibben3x,dgibben3x@twitter.com,Donaugh Gibben,,2021-09-16 12:55:50.914667,
143,nlune3y,nlune3y@yahoo.com,Nikkie Lune,2021-09-16 12:55:50.914667,2021-09-16 12:55:50.914667,
144,sclamo3z,sclamo3z@qq.com,Sonnie Clamo,2021-09-16 12:55:50.914667,2021-09-16 12:55:50.914667,
145,lhazeldene40,lhazeldene40@sphinn.com,Loretta Hazeldene,2021-09-16 12:55:50.914667,2021-09-16 12:55:50.914667,
146,rchoake41,rchoake41@joomla.org,Rockwell Choake,2021-09-16 12:55:50.914667,2021-09-16 12:55:50.914667,
147,hlepick42,hlepick42@ebay.co.uk,Haleigh Lepick,,2021-09-16 12:55:50.914667,
148,mfairbourne43,mfairbourne43@nymag.com,Murielle Fairbourne,2021-09-16 12:55:50.914667,2021-09-16 12:55:50.914667,
149,prylands44,prylands44@harvard.edu,Prudi Rylands,2021-09-16 12:55:50.914667,2021-09-16 12:55:50.914667,
150,cgoodlud45,cgoodlud45@ovh.net,Curry Goodlud,,2021-09-16 12:55:50.914667,
151,wgarrie46,wgarrie46@cbsnews.com,Wanda Garrie,2021-09-16 12:55:50.914667,2021-09-16 12:55:50.914667,
152,tdeavall47,tdeavall47@symantec.com,Tommy Deavall,2021-09-16 12:55:50.914667,2021-09-16 12:55:50.914667,
153,crosbottom48,crosbottom48@wiley.com,Corbie Rosbottom,2021-09-16 12:55:50.914667,2021-09-16 12:55:50.914667,
154,cdron49,cdron49@house.gov,Claretta Dron,2021-09-16 12:55:50.914667,2021-09-16 12:55:50.914667,
155,mmibourne4a,mmibourne4a@apache.org,Merrill Mibourne,2021-09-16 12:55:50.914667,2021-09-16 12:55:50.914667,
156,fmenault4b,fmenault4b@digg.com,Fin Menault,2021-09-16 12:55:50.914667,2021-09-16 12:55:50.914667,
157,ealeevy4c,ealeevy4c@blogs.com,Elyn Aleevy,2021-09-16 12:55:50.914667,2021-09-16 12:55:50.914667,
158,bsambeck4d,bsambeck4d@xinhuanet.com,Briana Sambeck,,2021-09-16 12:55:50.914667,
159,cweeke4e,cweeke4e@last.fm,Carol Weeke,2021-09-16 12:55:50.914667,2021-09-16 12:55:50.914667,
160,bgatherer4f,bgatherer4f@digg.com,Binny Gatherer,2021-09-16 12:55:50.914667,2021-09-16 12:55:50.914667,
161,kcolebeck4g,kcolebeck4g@hibu.com,Kienan Colebeck,,2021-09-16 12:55:50.914667,
162,bboswell4h,bboswell4h@shareasale.com,Barbra Boswell,2021-09-16 12:55:50.914667,2021-09-16 12:55:50.914667,
163,eszymonwicz4i,eszymonwicz4i@stanford.edu,Ede Szymonwicz,2021-10-04 12:55:50.914667,2021-09-16 12:55:50.914667,
164,jmyles4j,jmyles4j@wikimedia.org,Joletta Myles,,2021-09-04 12:55:50.914667,
165,kgullyes4k,kgullyes4k@paginegialle.it,Katinka Gullyes,,2021-09-04 12:55:50.914667,
166,bwhitlam4l,bwhitlam4l@dailymail.co.uk,Babb Whitlam,,2021-09-04 12:55:50.914667,
167,mblesli4m,mblesli4m@china.com.cn,Minetta Blesli,,2021-09-04 12:55:50.914667,
168,dodoohaine4n,dodoohaine4n@seesaa.net,Dulcinea O'Doohaine,,2021-09-04 12:55:50.914667,
169,aeaden4o,aeaden4o@google.com.au,Annamaria Eaden,2021-09-04 12:55:50.914667,2021-09-04 12:55:50.914667,
170,wlittefair4p,wlittefair4p@auda.org.au,Wildon Littefair,2021-09-04 12:55:50.914667,2021-09-04 12:55:50.914667,
171,wmacpaden4q,wmacpaden4q@webnode.com,Worthington MacPaden,,2021-09-04 12:55:50.914667,
172,hsandry4r,hsandry4r@cbsnews.com,Hermia Sandry,,2021-09-04 12:55:50.914667,
173,kalldis4s,kalldis4s@com.com,Katuscha Alldis,,2021-09-04 12:55:50.914667,
174,mosbiston4t,mosbiston4t@cafepress.com,Morey Osbiston,2021-09-04 12:55:50.914667,2021-09-04 12:55:50.914667,
175,swillingam4u,swillingam4u@imgur.com,Stacee Willingam,,2021-09-04 12:55:50.914667,
176,seckhard4v,seckhard4v@wordpress.org,Sergio Eckhard,2021-09-10 12:55:50.914667,2021-09-10 12:55:50.914667,
177,kbeacon4w,kbeacon4w@rediff.com,Kahaleel Beacon,,2021-09-10 12:55:50.914667,
178,tmcgorley4x,tmcgorley4x@reddit.com,Tyrone McGorley,,2021-09-10 12:55:50.914667,
179,fchanning4y,fchanning4y@liveinternet.ru,Francklyn Channing,,2021-09-10 12:55:50.914667,
180,gminero4z,gminero4z@va.gov,Glynis Minero,,2021-09-10 12:55:50.914667,
181,kle50,kle50@pbs.org,Katie Le Fleming,,2021-09-10 12:55:50.914667,
182,sgayle51,sgayle51@apple.com,Shirlee Gayle,2021-09-10 12:55:50.914667,2021-09-10 12:55:50.914667,
183,eclissold52,eclissold52@usgs.gov,Eugenia Clissold,,2021-09-10 12:55:50.914667,
184,ejohananoff53,ejohananoff53@cpanel.net,Evangeline Johananoff,2021-09-10 12:55:50.914667,2021-09-10 12:55:50.914667,
185,mhayley54,mhayley54@qq.com,Massimo Hayley,2021-09-10 12:55:50.914667,2021-09-10 12:55:50.914667,
186,mkemet55,mkemet55@businessweek.com,Melitta Kemet,2021-09-10 12:55:50.914667,2021-09-10 12:55:50.914667,
187,ktrevaskus56,ktrevaskus56@apache.org,Kimbra Trevaskus,,2021-09-10 12:55:50.914667,
188,kcolchett57,kcolchett57@wiley.com,Kelwin Colchett,2021-09-10 12:55:50.914667,2021-09-10 12:55:50.914667,
189,lteers58,lteers58@list-manage.com,Lonee Teers,2021-09-10 12:55:50.914667,2021-09-10 12:55:50.914667,
190,cloveitt59,cloveitt59@myspace.com,Carmine Loveitt,,2021-09-10 12:55:50.914667,
191,skittman5a,skittman5a@shutterfly.com,Sancho Kittman,,2021-09-10 12:55:50.914667,
192,gmcgirr5b,gmcgirr5b@independent.co.uk,Gabriella McGirr,,2021-09-10 12:55:50.914667,
193,nkolodziej5c,nkolodziej5c@timesonline.co.uk,Nadiya Kolodziej,2021-09-10 12:55:50.914667,2021-09-10 12:55:50.914667,
194,kbartzen5d,kbartzen5d@hibu.com,Kory Bartzen,2021-09-10 12:55:50.914667,2021-09-10 12:55:50.914667,
195,omayor5e,omayor5e@xing.com,Olag Mayor,2021-09-10 12:55:50.914667,2021-09-10 12:55:50.914667,
196,bspeachley5f,bspeachley5f@barnesandnoble.com,Berrie Speachley,2021-09-10 12:55:50.914667,2021-09-10 12:55:50.914667,
197,brings5g,brings5g@technorati.com,Binky Rings,2021-09-10 12:55:50.914667,2021-09-10 12:55:50.914667,
198,hnoyes5h,hnoyes5h@blinklist.com,Hyacinth Noyes,2021-09-10 12:55:50.914667,2021-09-10 12:55:50.914667,
199,kdoog5i,kdoog5i@netvibes.com,Kristan Doog,2021-09-10 12:55:50.914667,2021-09-10 12:55:50.914667,
200,gjamme5j,gjamme5j@virginia.edu,Gard Jamme,2021-09-10 12:55:50.914667,2021-09-10 12:55:50.914667,
201,ceddisforth5k,ceddisforth5k@t.co,Claybourne Eddisforth,2021-09-10 12:55:50.914667,2021-09-10 12:55:50.914667,
202,ncrimpe5l,ncrimpe5l@oaic.gov.au,Nikoletta Crimpe,2021-09-10 12:55:50.914667,2021-09-10 12:55:50.914667,
203,cnafziger5m,cnafziger5m@dagondesign.com,Cary Nafziger,2021-09-10 12:55:50.914667,2021-09-10 12:55:50.914667,
204,ballmann5n,ballmann5n@usgs.gov,Biron Allmann,2021-09-10 12:55:50.914667,2021-09-10 12:55:50.914667,
205,pbroxholme5o,pbroxholme5o@blogspot.com,Perla Broxholme,,2021-09-10 12:55:50.914667,
206,cvaladez5p,cvaladez5p@tiny.cc,Curry Valadez,,2021-09-10 12:55:50.914667,
207,khaskur5q,khaskur5q@mysql.com,Konrad Haskur,2021-09-10 12:55:50.914667,2021-09-10 12:55:50.914667,
208,kjanos5r,kjanos5r@soup.io,Konstanze Janos,2021-09-10 12:55:50.914667,2021-09-10 12:55:50.914667,
209,wlain5s,wlain5s@businesswire.com,Walsh Lain,2021-09-10 12:55:50.914667,2021-09-10 12:55:50.914667,
210,rkydd5t,rkydd5t@tripod.com,Rutger Kydd,2021-09-10 12:55:50.914667,2021-09-10 12:55:50.914667,
211,sgerbel5u,sgerbel5u@goo.ne.jp,Stavro Gerbel,2021-09-10 12:55:50.914667,2021-09-10 12:55:50.914667,
212,dthwaites5v,dthwaites5v@hugedomains.com,Darcee Thwaites,2021-09-10 12:55:50.914667,2021-09-10 12:55:50.914667,
213,tfaulkener5w,tfaulkener5w@blogspot.com,Travus Faulkener,,2021-09-10 12:55:50.914667,
214,pjandera5x,pjandera5x@bbb.org,Patsy Jandera,2021-09-10 12:55:50.914667,2021-09-10 12:55:50.914667,
215,vhoneyghan5y,vhoneyghan5y@storify.com,Vasily Honeyghan,2021-09-10 12:55:50.914667,2021-09-10 12:55:50.914667,
216,candrat5z,candrat5z@state.gov,Che Andrat,2021-09-10 12:55:50.914667,2021-09-10 12:55:50.914667,
217,scattel60,scattel60@washington.edu,Skipp Cattel,2021-09-10 12:55:50.914667,2021-09-10 12:55:50.914667,
218,yiwanicki61,yiwanicki61@abc.net.au,Yetta Iwanicki,2021-09-10 12:55:50.914667,2021-09-10 12:55:50.914667,
219,gde62,gde62@sfgate.com,Genny De Lorenzo,2021-09-10 12:55:50.914667,2021-09-10 12:55:50.914667,
220,hjerdon63,hjerdon63@meetup.com,Helen-elizabeth Jerdon,2021-09-10 12:55:50.914667,2021-09-10 12:55:50.914667,
221,achidgey64,achidgey64@google.ca,Ailis Chidgey,2021-09-10 12:55:50.914667,2021-09-10 12:55:50.914667,
222,icashen65,icashen65@mapy.cz,Iggie Cashen,,2021-09-10 12:55:50.914667,
223,mmoncarr66,mmoncarr66@toplist.cz,Mead Moncarr,2021-09-10 12:55:50.914667,2021-09-10 12:55:50.914667,
224,jdrain67,jdrain67@ebay.co.uk,Jameson Drain,2021-09-10 12:55:50.914667,2021-09-10 12:55:50.914667,
225,tbahlmann68,tbahlmann68@weibo.com,Torr Bahlmann,2021-09-10 12:55:50.914667,2021-09-10 12:55:50.914667,
226,gstening69,gstening69@yandex.ru,Gretel Stening,,2021-09-10 12:55:50.914667,
227,cfrayn6a,cfrayn6a@senate.gov,Coleman Frayn,2021-09-10 12:55:50.914667,2021-09-10 12:55:50.914667,
228,gmeacher6b,gmeacher6b@unicef.org,Germain Meacher,,2021-09-10 12:55:50.914667,
229,fduncan6c,fduncan6c@vinaora.com,Farrel Duncan,2021-09-10 12:55:50.914667,2021-09-10 12:55:50.914667,
230,rlaight6d,rlaight6d@google.com.hk,Rowland Laight,2021-09-10 12:55:50.914667,2021-09-10 12:55:50.914667,
231,apulteneye6e,apulteneye6e@who.int,Anatola Pulteneye,2021-09-10 12:55:50.914667,2021-09-10 12:55:50.914667,
232,alomasna6f,alomasna6f@dot.gov,Alix Lomasna,,2021-09-10 12:55:50.914667,
233,bcapaldi6g,bcapaldi6g@shop-pro.jp,Batholomew Capaldi,,2021-09-10 12:55:50.914667,
234,egriffen6h,egriffen6h@elegantthemes.com,Emmi Griffen,2021-09-10 12:55:50.914667,2021-09-10 12:55:50.914667,
235,nhuyghe6i,nhuyghe6i@census.gov,North Huyghe,2021-09-10 12:55:50.914667,2021-09-10 12:55:50.914667,
236,svan6j,svan6j@technorati.com,Shauna Van Hault,,2021-09-10 12:55:50.914667,
237,adeetlof6k,adeetlof6k@youtu.be,Alden Deetlof,2021-09-10 12:55:50.914667,2021-09-10 12:55:50.914667,
238,sholwell6l,sholwell6l@baidu.com,Shelagh Holwell,2021-09-10 12:55:50.914667,2021-09-10 12:55:50.914667,
239,clashford6m,clashford6m@scribd.com,Calli Lashford,2021-09-10 12:55:50.914667,2021-09-10 12:55:50.914667,
240,bgreedyer6n,bgreedyer6n@cnet.com,Balduin Greedyer,,2021-09-10 12:55:50.914667,
241,ctuff6o,ctuff6o@phpbb.com,Carlee Tuff,2021-09-10 12:55:50.914667,2021-09-10 12:55:50.914667,
242,tarmiger6p,tarmiger6p@netlog.com,Trace Armiger,,2021-09-10 12:55:50.914667,
243,bcannan6q,bcannan6q@themeforest.net,Bobine Cannan,2021-09-10 12:55:50.914667,2021-09-10 12:55:50.914667,
244,bmatejka6r,bmatejka6r@vinaora.com,Brandi Matejka,2021-09-10 12:55:50.914667,2021-09-10 12:55:50.914667,
245,tmacsweeney6s,tmacsweeney6s@weather.com,Tory MacSweeney,2021-09-10 12:55:50.914667,2021-09-10 12:55:50.914667,
246,vgerardot6t,vgerardot6t@europa.eu,Venus Gerardot,2021-09-10 12:55:50.914667,2021-09-10 12:55:50.914667,
247,mwelling6u,mwelling6u@army.mil,Maggee Welling,2021-09-10 12:55:50.914667,2021-09-10 12:55:50.914667,
248,mtumpane6v,mtumpane6v@who.int,Maureene Tumpane,,2021-09-10 12:55:50.914667,
249,aescot6w,aescot6w@prlog.org,Abbye Escot,2021-09-10 12:55:50.914667,2021-09-10 12:55:50.914667,
250,rpryn6x,rpryn6x@theguardian.com,Richie Pryn,,2021-09-10 12:55:50.914667,
251,abourton6y,abourton6y@yellowbook.com,Adela Bourton,2021-09-10 12:55:50.914667,2021-09-10 12:55:50.914667,
252,bsautter6z,bsautter6z@seesaa.net,Brandyn Sautter,2021-09-10 12:55:50.914667,2021-09-10 12:55:50.914667,
253,sbyrde70,sbyrde70@patch.com,Shayne Byrde,2021-09-10 12:55:50.914667,2021-09-10 12:55:50.914667,
254,rparker71,rparker71@google.it,Roger Parker,2021-09-10 12:55:50.914667,2021-09-10 12:55:50.914667,
255,abeneze72,abeneze72@wikipedia.org,Anton Beneze,2021-09-10 12:55:50.914667,2021-09-10 12:55:50.914667,
256,sclapham73,sclapham73@360.cn,Shea Clapham,,2021-09-10 12:55:50.914667,
257,nmillan74,nmillan74@cornell.edu,Noah Millan,2021-09-10 12:55:50.914667,2021-09-10 12:55:50.914667,
258,dkulic75,dkulic75@unc.edu,Dianne Kulic,,2021-09-10 12:55:50.914667,
259,atommei76,atommei76@dailymail.co.uk,Angel Tommei,,2021-09-10 12:55:50.914667,
260,demnoney77,demnoney77@shareasale.com,Daron Emnoney,2021-09-10 12:55:50.914667,2021-09-10 12:55:50.914667,
261,dhalbert78,dhalbert78@theglobeandmail.com,Dennison Halbert,2021-09-10 12:55:50.914667,2021-09-10 12:55:50.914667,
262,tgoodfellowe79,tgoodfellowe79@cnbc.com,Tyrone Goodfellowe,,2021-09-10 12:55:50.914667,
263,awildash7a,awildash7a@furl.net,Augustus Wildash,2021-09-10 12:55:50.914667,2021-09-10 12:55:50.914667,
264,aenderby7b,aenderby7b@mlb.com,Anatole Enderby,,2021-09-10 12:55:50.914667,
265,elowfill7c,elowfill7c@nhs.uk,Emmeline Lowfill,2021-09-10 12:55:50.914667,2021-09-10 12:55:50.914667,
266,valthorp7d,valthorp7d@1688.com,Vincent Althorp,2021-09-10 12:55:50.914667,2021-09-10 12:55:50.914667,
267,bbeastall7e,bbeastall7e@seesaa.net,Bord Beastall,,2021-09-10 12:55:50.914667,
268,wscuffham7f,wscuffham7f@reddit.com,Willette Scuffham,2021-09-10 12:55:50.914667,2021-09-10 12:55:50.914667,
269,tstreeter7g,tstreeter7g@gizmodo.com,Terri Streeter,2021-09-10 12:55:50.914667,2021-09-10 12:55:50.914667,
270,hfawssett7h,hfawssett7h@microsoft.com,Henrie Fawssett,2021-09-10 12:55:50.914667,2021-09-10 12:55:50.914667,
271,lstearn7i,lstearn7i@flickr.com,Lenee Stearn,,2021-09-10 12:55:50.914667,
272,hcawcutt7j,hcawcutt7j@privacy.gov.au,Horatius Cawcutt,2021-09-10 12:55:50.914667,2021-09-10 12:55:50.914667,
273,bpoznan7k,bpoznan7k@unc.edu,Bob Poznan,2021-09-10 12:55:50.914667,2021-09-10 12:55:50.914667,
274,ajerosch7l,ajerosch7l@diigo.com,Amara Jerosch,2021-09-10 12:55:50.914667,2021-09-10 12:55:50.914667,
275,selmhirst7m,selmhirst7m@bigcartel.com,Shanna Elmhirst,2021-09-10 12:55:50.914667,2021-09-10 12:55:50.914667,
276,bsherme7n,bsherme7n@addtoany.com,Beilul Sherme,2021-09-10 12:55:50.914667,2021-09-10 12:55:50.914667,
277,rgrizard7o,rgrizard7o@freewebs.com,Rice Grizard,,2021-09-10 12:55:50.914667,
278,jbeggin7p,jbeggin7p@a8.net,Judye Beggin,,2021-09-10 12:55:50.914667,
279,nroust7q,nroust7q@tumblr.com,Nels Roust,,2021-09-10 12:55:50.914667,
280,sgoodwins7r,sgoodwins7r@slideshare.net,Sargent Goodwins,2021-09-10 12:55:50.914667,2021-09-10 12:55:50.914667,
281,cdinnington7s,cdinnington7s@gravatar.com,Carline Dinnington,,2021-09-10 12:55:50.914667,
282,blettice7t,blettice7t@blog.com,Bancroft Lettice,,2021-09-10 12:55:50.914667,
283,eholbarrow7u,eholbarrow7u@tamu.edu,Erda Holbarrow,2021-09-10 12:55:50.914667,2021-09-10 12:55:50.914667,
284,agloucester7v,agloucester7v@1688.com,Anica Gloucester,2021-09-10 12:55:50.914667,2021-09-10 12:55:50.914667,
285,ezanetti7w,ezanetti7w@alibaba.com,Eugenio Zanetti,,2021-09-10 12:55:50.914667,
286,eiron7x,eiron7x@flavors.me,Evangelia Iron,2021-09-10 12:55:50.914667,2021-09-10 12:55:50.914667,
287,ckegley7y,ckegley7y@privacy.gov.au,Callie Kegley,,2021-09-10 12:55:50.914667,
288,shebblethwaite7z,shebblethwaite7z@businessweek.com,Shaun Hebblethwaite,2021-09-10 12:55:50.914667,2021-09-10 12:55:50.914667,
289,nturbayne80,nturbayne80@msu.edu,Nathalia Turbayne,2021-09-10 12:55:50.914667,2021-09-10 12:55:50.914667,
290,wjanuszewski81,wjanuszewski81@imdb.com,Willem Januszewski,2021-09-10 12:55:50.914667,2021-09-10 12:55:50.914667,
291,hlattin82,hlattin82@mail.ru,Harley Lattin,2021-09-10 12:55:50.914667,2021-09-10 12:55:50.914667,
292,tpetroff83,tpetroff83@shutterfly.com,Titus Petroff,2021-09-10 12:55:50.914667,2021-09-10 12:55:50.914667,
293,hblaisdale84,hblaisdale84@networksolutions.com,Hedda Blaisdale,2021-09-10 12:55:50.914667,2021-09-10 12:55:50.914667,
294,shollingby85,shollingby85@hud.gov,Shay Hollingby,2021-09-10 12:55:50.914667,2021-09-10 12:55:50.914667,
295,lfetterplace86,lfetterplace86@ustream.tv,Lemuel Fetterplace,2021-09-10 12:55:50.914667,2021-09-10 12:55:50.914667,
296,lboot87,lboot87@mapquest.com,Leslie Boot,2021-09-10 12:55:50.914667,2021-09-10 12:55:50.914667,
297,lhawkslee88,lhawkslee88@mapy.cz,Lynnette Hawkslee,,2021-09-10 12:55:50.914667,
298,bpantridge89,bpantridge89@1688.com,Bat Pantridge,2021-09-10 12:55:50.914667,2021-09-10 12:55:50.914667,
299,arosberg8a,arosberg8a@kickstarter.com,Alyda Rosberg,2021-09-10 12:55:50.914667,2021-09-10 12:55:50.914667,
300,ahellard8b,ahellard8b@histats.com,Ardath Hellard,2021-09-10 12:55:50.914667,2021-09-10 12:55:50.914667,
301,cborgesio8c,cborgesio8c@webeden.co.uk,Cleon Borgesio,2021-09-10 12:55:50.914667,2021-09-10 12:55:50.914667,
302,mmccarlich8d,mmccarlich8d@cisco.com,Maighdiln McCarlich,2021-09-10 12:55:50.914667,2021-09-10 12:55:50.914667,
303,schristoffe8e,schristoffe8e@yandex.ru,Shermy Christoffe,,2021-09-10 12:55:50.914667,
304,dstuddard8f,dstuddard8f@altervista.org,Deina Studdard,,2021-09-10 12:55:50.914667,
305,cstebles8g,cstebles8g@ovh.net,Cosetta Stebles,2021-09-10 12:55:50.914667,2021-09-10 12:55:50.914667,
306,cpresslee8h,cpresslee8h@alibaba.com,Camila Presslee,2021-09-10 12:55:50.914667,2021-09-10 12:55:50.914667,
307,hwarboy8i,hwarboy8i@mysql.com,Husain Warboy,2021-09-10 12:55:50.914667,2021-09-10 12:55:50.914667,
308,trozea8j,trozea8j@sakura.ne.jp,Trix Rozea,,2021-09-10 12:55:50.914667,
309,tcorless8k,tcorless8k@pinterest.com,Titos Corless,,2021-09-10 12:55:50.914667,
310,jsieur8l,jsieur8l@cmu.edu,Joan Sieur,2021-09-10 12:55:50.914667,2021-09-10 12:55:50.914667,
311,roby8m,roby8m@blinklist.com,Richie Oby,,2021-09-10 12:55:50.914667,
312,rroselli8n,rroselli8n@sina.com.cn,Ray Roselli,2021-09-10 12:55:50.914667,2021-09-10 12:55:50.914667,
313,fclerc8o,fclerc8o@imgur.com,Faun Clerc,2021-09-10 12:55:50.914667,2021-09-10 12:55:50.914667,
314,lomullally8p,lomullally8p@mac.com,Lock O'Mullally,2021-09-10 12:55:50.914667,2021-09-10 12:55:50.914667,
315,tstarsmore8q,tstarsmore8q@youtube.com,Thor Starsmore,,2021-09-10 12:55:50.914667,
316,lrutigliano8r,lrutigliano8r@sourceforge.net,Leyla Rutigliano,2021-09-10 12:55:50.914667,2021-09-10 12:55:50.914667,
317,asoldi8s,asoldi8s@nytimes.com,Aguste Soldi,2021-09-10 12:55:50.914667,2021-09-10 12:55:50.914667,
318,jkennea8t,jkennea8t@yellowpages.com,Jan Kennea,2021-09-10 12:55:50.914667,2021-09-10 12:55:50.914667,
319,alesley8u,alesley8u@hatena.ne.jp,Atlante Lesley,2021-09-10 12:55:50.914667,2021-09-10 12:55:50.914667,
320,mhamsson8v,mhamsson8v@sina.com.cn,Moll Hamsson,2021-09-10 12:55:50.914667,2021-09-10 12:55:50.914667,
321,vschohier8w,vschohier8w@mac.com,Verla Schohier,,2021-09-10 12:55:50.914667,
322,jcrossthwaite8x,jcrossthwaite8x@360.cn,Julee Crossthwaite,,2021-09-10 12:55:50.914667,
323,gdumblton8y,gdumblton8y@cbc.ca,Garner Dumblton,2021-09-10 12:55:50.914667,2021-09-10 12:55:50.914667,
324,lrenison8z,lrenison8z@twitter.com,Levy Renison,,2021-09-10 12:55:50.914667,
325,ltumielli90,ltumielli90@oakley.com,Loretta Tumielli,,2021-09-10 12:55:50.914667,
326,scroy91,scroy91@chron.com,Sula Croy,2021-09-10 12:55:50.914667,2021-09-10 12:55:50.914667,
327,rsinclar92,rsinclar92@netscape.com,Rodolph Sinclar,2021-09-10 12:55:50.914667,2021-09-10 12:55:50.914667,
328,rbunn93,rbunn93@noaa.gov,Rosalyn Bunn,,2021-09-10 12:55:50.914667,
329,kburleton94,kburleton94@ovh.net,Kip Burleton,2021-09-10 12:55:50.914667,2021-09-10 12:55:50.914667,
330,cbladen95,cbladen95@multiply.com,Claus Bladen,2021-10-10 12:55:50.914667,2021-09-10 12:55:50.914667,
331,pcheak96,pcheak96@pen.io,Philis Cheak,2021-07-28 12:55:50.914667,2021-07-28 12:55:50.914667,
332,tbradder97,tbradder97@list-manage.com,Thorpe Bradder,2021-07-28 12:55:50.914667,2021-07-28 12:55:50.914667,
333,sdrews98,sdrews98@seattletimes.com,Sibylle Drews,2021-07-28 12:55:50.914667,2021-07-28 12:55:50.914667,
334,nstogill99,nstogill99@theglobeandmail.com,Nadeen Stogill,2021-07-28 12:55:50.914667,2021-07-28 12:55:50.914667,
335,eslyman9a,eslyman9a@stanford.edu,Edithe Slyman,2021-07-28 12:55:50.914667,2021-07-28 12:55:50.914667,
336,jbenasik9b,jbenasik9b@over-blog.com,Jarrid Benasik,,2021-07-28 12:55:50.914667,
337,gboland9c,gboland9c@mozilla.com,Goran Boland,2021-07-28 12:55:50.914667,2021-07-28 12:55:50.914667,
338,cshasnan9d,cshasnan9d@ustream.tv,Chaunce Shasnan,,2021-07-28 12:55:50.914667,
339,emitchenson9e,emitchenson9e@illinois.edu,Eustacia Mitchenson,2021-07-28 12:55:50.914667,2021-07-28 12:55:50.914667,
340,omiddlemist9f,omiddlemist9f@jigsy.com,Orion Middlemist,2021-07-28 12:55:50.914667,2021-07-28 12:55:50.914667,
341,ggoldman9g,ggoldman9g@woothemes.com,Gayel Goldman,,2021-07-28 12:55:50.914667,
342,ksullens9h,ksullens9h@reuters.com,Karoly Sullens,2021-07-28 12:55:50.914667,2021-07-28 12:55:50.914667,
343,bhuey9i,bhuey9i@livejournal.com,Booth Huey,,2021-07-28 12:55:50.914667,
344,tposse9j,tposse9j@patch.com,Timothee Posse,,2021-07-28 12:55:50.914667,
345,dbonn9k,dbonn9k@globo.com,Dana Bonn,2021-07-28 12:55:50.914667,2021-07-28 12:55:50.914667,
346,sleyrroyd9l,sleyrroyd9l@nsw.gov.au,Sophie Leyrroyd,,2021-07-28 12:55:50.914667,
347,rnovacek9m,rnovacek9m@europa.eu,Rosamond Novacek,,2021-07-28 12:55:50.914667,
348,hmitkin9n,hmitkin9n@hugedomains.com,Had Mitkin,2021-07-28 12:55:50.914667,2021-07-28 12:55:50.914667,
349,itoppin9o,itoppin9o@simplemachines.org,Ida Toppin,,2021-07-28 12:55:50.914667,
350,slougheed9p,slougheed9p@vinaora.com,Salvidor Lougheed,,2021-07-28 12:55:50.914667,
351,dboarder9q,dboarder9q@cbc.ca,Devondra Boarder,2021-07-28 12:55:50.914667,2021-07-28 12:55:50.914667,
352,mbogue9r,mbogue9r@irs.gov,Miltie Bogue,2021-07-28 12:55:50.914667,2021-07-28 12:55:50.914667,
353,flaidel9s,flaidel9s@symantec.com,Fanya Laidel,2021-07-28 12:55:50.914667,2021-07-28 12:55:50.914667,
354,lsyddon9t,lsyddon9t@booking.com,Levon Syddon,,2021-07-28 12:55:50.914667,
355,cantrobus9u,cantrobus9u@va.gov,Claudia Antrobus,2021-07-28 12:55:50.914667,2021-07-28 12:55:50.914667,
356,eolifard9v,eolifard9v@51.la,Elsworth Olifard,2021-07-28 12:55:50.914667,2021-07-28 12:55:50.914667,
357,areggler9w,areggler9w@auda.org.au,Alasteir Reggler,2021-07-28 12:55:50.914667,2021-07-28 12:55:50.914667,
358,lcuppitt9x,lcuppitt9x@slideshare.net,Loralee Cuppitt,2021-07-28 12:55:50.914667,2021-07-28 12:55:50.914667,
359,lyurocjkin9y,lyurocjkin9y@theglobeandmail.com,Libbey Yurocjkin,2021-07-28 12:55:50.914667,2021-07-28 12:55:50.914667,
360,cbreznovic9z,cbreznovic9z@skype.com,Caroline Breznovic,2021-07-28 12:55:50.914667,2021-07-28 12:55:50.914667,
361,graubheima0,graubheima0@cafepress.com,Gale Raubheim,,2021-07-28 12:55:50.914667,
362,gglaistera1,gglaistera1@networkadvertising.org,Giselle Glaister,,2021-07-28 12:55:50.914667,
363,asnelsona2,asnelsona2@google.fr,Aubree Snelson,2021-07-28 12:55:50.914667,2021-07-28 12:55:50.914667,
364,acuttena3,acuttena3@tinypic.com,Arvin Cutten,,2021-07-28 12:55:50.914667,
365,ascarcea4,ascarcea4@de.vu,Adelice Scarce,2021-07-28 12:55:50.914667,2021-07-28 12:55:50.914667,
366,ytouna5,ytouna5@addthis.com,Yale Toun,,2021-07-28 12:55:50.914667,
367,uorraha6,uorraha6@biblegateway.com,Ulrikaumeko Orrah,,2021-07-28 12:55:50.914667,
368,dsturtea7,dsturtea7@com.com,Dorris Sturte,2021-07-28 12:55:50.914667,2021-07-28 12:55:50.914667,
369,etodhuntera8,etodhuntera8@marriott.com,Elianora Todhunter,2021-07-28 12:55:50.914667,2021-07-28 12:55:50.914667,
370,gairtona9,gairtona9@google.com,Gonzalo Airton,2021-07-28 12:55:50.914667,2021-07-28 12:55:50.914667,
371,spepallaa,spepallaa@forbes.com,Sayre Pepall,2021-07-28 12:55:50.914667,2021-07-28 12:55:50.914667,
372,sgooleyab,sgooleyab@nasa.gov,Stanton Gooley,,2021-07-28 12:55:50.914667,
373,charbackac,charbackac@dot.gov,Corene Harback,2021-07-28 12:55:50.914667,2021-07-28 12:55:50.914667,
374,awintersonad,awintersonad@twitter.com,Ansley Winterson,2021-07-28 12:55:50.914667,2021-07-28 12:55:50.914667,
375,tthringae,tthringae@microsoft.com,Tillie Thring,2021-07-28 12:55:50.914667,2021-07-28 12:55:50.914667,
376,hcraigmileaf,hcraigmileaf@netscape.com,Hildegarde Craigmile,2021-07-28 12:55:50.914667,2021-07-28 12:55:50.914667,
377,rcullneanag,rcullneanag@discovery.com,Roch Cullnean,2021-07-28 12:55:50.914667,2021-07-28 12:55:50.914667,
378,atabourah,atabourah@naver.com,Amargo Tabour,2021-07-28 12:55:50.914667,2021-07-28 12:55:50.914667,
379,ihubnerai,ihubnerai@google.it,Irvine Hubner,2021-07-28 12:55:50.914667,2021-07-28 12:55:50.914667,
380,elepardaj,elepardaj@blogtalkradio.com,Ebenezer Lepard,,2021-07-28 12:55:50.914667,
381,wmallanak,wmallanak@chronoengine.com,Wayland Mallan,,2021-07-28 12:55:50.914667,
382,kyeleal,kyeleal@altervista.org,Karoly Yele,,2021-07-28 12:55:50.914667,
383,grainsdenam,grainsdenam@quantcast.com,Gabbie Rainsden,,2021-07-28 12:55:50.914667,
384,twhitbreadan,twhitbreadan@github.com,Thibaut Whitbread,2021-07-28 12:55:50.914667,2021-07-28 12:55:50.914667,
385,smcgebenayao,smcgebenayao@infoseek.co.jp,Salim McGebenay,2021-07-28 12:55:50.914667,2021-07-28 12:55:50.914667,
386,choutenap,choutenap@businessweek.com,Clareta Houten,2021-07-28 12:55:50.914667,2021-07-28 12:55:50.914667,
387,erodgeraq,erodgeraq@gmpg.org,Emmerich Rodger,,2021-07-28 12:55:50.914667,
388,yglewar,yglewar@xing.com,Yorke Glew,2021-07-28 12:55:50.914667,2021-07-28 12:55:50.914667,
389,gjoratas,gjoratas@about.com,Gussi Jorat,2021-07-28 12:55:50.914667,2021-07-28 12:55:50.914667,
390,ssybbeat,ssybbeat@hp.com,Sharleen Sybbe,2021-07-28 12:55:50.914667,2021-07-28 12:55:50.914667,
391,wfranciscoau,wfranciscoau@flavors.me,Wilona Francisco,,2021-07-28 12:55:50.914667,
392,dcarlisiav,dcarlisiav@nba.com,Darnell Carlisi,2021-07-28 12:55:50.914667,2021-07-28 12:55:50.914667,
393,kbraidaw,kbraidaw@trellian.com,Kendall Braid,2021-07-28 12:55:50.914667,2021-07-28 12:55:50.914667,
394,hpinarax,hpinarax@utexas.edu,Hestia Pinar,2021-07-28 12:55:50.914667,2021-07-28 12:55:50.914667,
395,waleshkovay,waleshkovay@wordpress.com,Ware Aleshkov,2021-07-28 12:55:50.914667,2021-07-28 12:55:50.914667,
396,mbyrdaz,mbyrdaz@weebly.com,Minnaminnie Byrd,,2021-07-28 12:55:50.914667,
397,cdeggb0,cdeggb0@ifeng.com,Clareta Degg,,2021-07-28 12:55:50.914667,
398,jbrantonb1,jbrantonb1@fotki.com,Jeffry Branton,2021-07-28 12:55:50.914667,2021-07-28 12:55:50.914667,
399,wdracksfordb2,wdracksfordb2@ebay.co.uk,Wilbur Dracksford,,2021-07-28 12:55:50.914667,
400,htruslerb3,htruslerb3@hostgator.com,Honoria Trusler,2021-07-28 12:55:50.914667,2021-07-28 12:55:50.914667,
401,draggettb4,draggettb4@adobe.com,Debbi Raggett,2021-07-28 12:55:50.914667,2021-07-28 12:55:50.914667,
402,daronowb5,daronowb5@craigslist.org,Demott Aronow,2021-07-28 12:55:50.914667,2021-07-28 12:55:50.914667,
403,bpowlandb6,bpowlandb6@google.cn,Beatriz Powland,2021-07-28 12:55:50.914667,2021-07-28 12:55:50.914667,
404,spamplinb7,spamplinb7@goo.ne.jp,Sullivan Pamplin,,2021-07-28 12:55:50.914667,
405,akunertb8,akunertb8@dailymail.co.uk,Avigdor Kunert,2021-07-28 12:55:50.914667,2021-07-28 12:55:50.914667,
406,tbicknellb9,tbicknellb9@macromedia.com,Tandy Bicknell,,2021-07-28 12:55:50.914667,
407,measomba,measomba@wordpress.com,Maritsa Easom,2021-07-28 12:55:50.914667,2021-07-28 12:55:50.914667,
408,rhenstridgebb,rhenstridgebb@51.la,Ranice Henstridge,2021-07-28 12:55:50.914667,2021-07-28 12:55:50.914667,
409,tcanadasbc,tcanadasbc@people.com.cn,Thaine Canadas,2021-07-28 12:55:50.914667,2021-07-28 12:55:50.914667,
410,tboanasbd,tboanasbd@pcworld.com,Toiboid Boanas,,2021-07-28 12:55:50.914667,
411,ltreslerbe,ltreslerbe@imgur.com,Latrina Tresler,2021-07-28 12:55:50.914667,2021-07-28 12:55:50.914667,
412,jcretneybf,jcretneybf@xinhuanet.com,Jannel Cretney,,2021-07-28 12:55:50.914667,
413,lvasilmanovbg,lvasilmanovbg@sciencedirect.com,Louise Vasilmanov,2021-07-28 12:55:50.914667,2021-07-28 12:55:50.914667,
414,bburmanbh,bburmanbh@skype.com,Brandi Burman,2021-07-28 12:55:50.914667,2021-07-28 12:55:50.914667,
415,shyamsbi,shyamsbi@prweb.com,Stephani Hyams,2021-07-28 12:55:50.914667,2021-07-28 12:55:50.914667,
416,alowlesbj,alowlesbj@technorati.com,Anderson Lowles,2021-07-28 12:55:50.914667,2021-07-28 12:55:50.914667,
417,uhenningtonbk,uhenningtonbk@ezinearticles.com,Urbain Hennington,,2021-07-28 12:55:50.914667,
418,lbodhambl,lbodhambl@uiuc.edu,Lacey Bodham,2021-07-28 12:55:50.914667,2021-07-28 12:55:50.914667,
419,bormanbm,bormanbm@reverbnation.com,Brander Orman,2021-07-28 12:55:50.914667,2021-07-28 12:55:50.914667,
420,dgogaybn,dgogaybn@wix.com,Darill Gogay,2021-07-28 12:55:50.914667,2021-07-28 12:55:50.914667,
421,edeathbo,edeathbo@360.cn,Ewan D'eath,2021-07-28 12:55:50.914667,2021-07-28 12:55:50.914667,
422,gcathenodbp,gcathenodbp@pbs.org,Gaspar Cathenod,2021-07-28 12:55:50.914667,2021-07-28 12:55:50.914667,
423,bquodlingbq,bquodlingbq@wufoo.com,Britta Quodling,,2021-07-28 12:55:50.914667,
424,kcazaletbr,kcazaletbr@tumblr.com,Koenraad Cazalet,2021-07-28 12:55:50.914667,2021-07-28 12:55:50.914667,
425,ccestardbs,ccestardbs@sphinn.com,Calli Cestard,2021-07-28 12:55:50.914667,2021-07-28 12:55:50.914667,
426,lmannoochbt,lmannoochbt@themeforest.net,Layla Mannooch,2021-07-28 12:55:50.914667,2021-07-28 12:55:50.914667,
427,kmucklowbu,kmucklowbu@wufoo.com,Kinna Mucklow,,2021-07-28 12:55:50.914667,
428,abaradelbv,abaradelbv@flavors.me,Allissa Baradel,2021-07-28 12:55:50.914667,2021-07-28 12:55:50.914667,
429,dreasunbw,dreasunbw@craigslist.org,Deeanne Reasun,2021-07-28 12:55:50.914667,2021-07-28 12:55:50.914667,
430,ascadbx,ascadbx@pcworld.com,Austine Scad,2021-07-28 12:55:50.914667,2021-07-28 12:55:50.914667,
431,nacoryby,nacoryby@wikipedia.org,Norry Acory,2021-07-28 12:55:50.914667,2021-07-28 12:55:50.914667,
432,amottersheadbz,amottersheadbz@si.edu,Allin Mottershead,,2021-07-28 12:55:50.914667,
433,bhedlestonec0,bhedlestonec0@ca.gov,Blanca Hedlestone,2021-07-28 12:55:50.914667,2021-07-28 12:55:50.914667,
434,sevittc1,sevittc1@usgs.gov,Stephanus Evitt,2021-07-28 12:55:50.914667,2021-07-28 12:55:50.914667,
435,cthormwellc2,cthormwellc2@noaa.gov,Conney Thormwell,2021-07-28 12:55:50.914667,2021-07-28 12:55:50.914667,
436,jbomec3,jbomec3@qq.com,Jody Bome,2021-07-28 12:55:50.914667,2021-07-28 12:55:50.914667,
437,bmccoyc4,bmccoyc4@angelfire.com,Birgitta McCoy,,2021-07-28 12:55:50.914667,
438,sclinnickc5,sclinnickc5@ucoz.com,Sharity Clinnick,2021-07-28 12:55:50.914667,2021-07-28 12:55:50.914667,
439,mlightonc6,mlightonc6@usnews.com,Marji Lighton,2021-07-28 12:55:50.914667,2021-07-28 12:55:50.914667,
440,adynec7,adynec7@aboutads.info,Adriano Dyne,,2021-07-28 12:55:50.914667,
441,hcamilioc8,hcamilioc8@instagram.com,Horatia Camilio,2021-07-28 12:55:50.914667,2021-07-28 12:55:50.914667,
442,farnettc9,farnettc9@psu.edu,Freddy Arnett,,2021-07-28 12:55:50.914667,
443,gcussenca,gcussenca@nymag.com,Gearard Cussen,,2021-07-28 12:55:50.914667,
444,tmchirriecb,tmchirriecb@altervista.org,Tannie M'Chirrie,2021-07-28 12:55:50.914667,2021-07-28 12:55:50.914667,
445,zyakubovicscc,zyakubovicscc@csmonitor.com,Zeke Yakubovics,,2021-07-28 12:55:50.914667,
446,etellenbrokcd,etellenbrokcd@icq.com,Ernestus Tellenbrok,2021-07-28 12:55:50.914667,2021-07-28 12:55:50.914667,
447,rkitteridgece,rkitteridgece@msn.com,Rasia Kitteridge,,2021-07-28 12:55:50.914667,
448,dburlandcf,dburlandcf@domainmarket.com,Dael Burland,2021-07-28 12:55:50.914667,2021-07-28 12:55:50.914667,
449,asearjeantcg,asearjeantcg@networkadvertising.org,Aland Searjeant,2021-07-28 12:55:50.914667,2021-07-28 12:55:50.914667,
450,ibullinch,ibullinch@utexas.edu,Ingram Bullin,2021-07-28 12:55:50.914667,2021-07-28 12:55:50.914667,
451,jstonerci,jstonerci@nymag.com,Jenni Stoner,2021-07-28 12:55:50.914667,2021-07-28 12:55:50.914667,
452,dkempstercj,dkempstercj@dell.com,Dwayne Kempster,2021-07-28 12:55:50.914667,2021-07-28 12:55:50.914667,
453,pmewck,pmewck@etsy.com,Pietra Mew,2021-07-28 12:55:50.914667,2021-07-28 12:55:50.914667,
454,bbirkcl,bbirkcl@netvibes.com,Brian Birk,,2021-07-28 12:55:50.914667,
455,mheinickecm,mheinickecm@seesaa.net,Marcelo Heinicke,2021-07-28 12:55:50.914667,2021-07-28 12:55:50.914667,
456,nnockcn,nnockcn@hatena.ne.jp,Nathan Nock,,2021-07-28 12:55:50.914667,
457,clillecropco,clillecropco@china.com.cn,Colan Lillecrop,,2021-07-28 12:55:50.914667,
458,bduestercp,bduestercp@sitemeter.com,Beaufort Duester,2021-07-28 12:55:50.914667,2021-07-28 12:55:50.914667,
459,chosburncq,chosburncq@imgur.com,Conway Hosburn,2021-07-28 12:55:50.914667,2021-07-28 12:55:50.914667,
460,ldomleocr,ldomleocr@seattletimes.com,Lonni Domleo,,2021-07-28 12:55:50.914667,
461,mstandishbrookscs,mstandishbrookscs@goo.ne.jp,Mervin Standish-Brooks,2021-07-28 12:55:50.914667,2021-07-28 12:55:50.914667,
462,dshotboultct,dshotboultct@bbb.org,Dyan Shotboult,,2021-07-28 12:55:50.914667,
463,bwafercu,bwafercu@hexun.com,Bayard Wafer,2021-07-28 12:55:50.914667,2021-07-28 12:55:50.914667,
464,chorrigancv,chorrigancv@princeton.edu,Carolynn Horrigan,2021-07-28 12:55:50.914667,2021-07-28 12:55:50.914667,
465,ccudworthcw,ccudworthcw@behance.net,Caroljean Cudworth,2021-07-28 12:55:50.914667,2021-07-28 12:55:50.914667,
466,dmacmanuscx,dmacmanuscx@adobe.com,Dom MacManus,2021-07-28 12:55:50.914667,2021-07-28 12:55:50.914667,
467,hdarlastoncy,hdarlastoncy@lycos.com,Hamlen Darlaston,2021-07-28 12:55:50.914667,2021-07-28 12:55:50.914667,
468,hcrumbycz,hcrumbycz@yellowpages.com,Holmes Crumby,2021-07-28 12:55:50.914667,2021-07-28 12:55:50.914667,
469,hfairfould0,hfairfould0@gmpg.org,Helene Fairfoul,2021-07-28 12:55:50.914667,2021-07-28 12:55:50.914667,
470,npolkinghorned1,npolkinghorned1@ca.gov,Nichols Polkinghorne,,2021-07-28 12:55:50.914667,
471,bjellimand2,bjellimand2@creativecommons.org,Barthel Jelliman,2021-07-28 12:55:50.914667,2021-07-28 12:55:50.914667,
472,kobald3,kobald3@hao123.com,Koral Obal,,2021-07-28 12:55:50.914667,
473,amonkmand4,amonkmand4@shinystat.com,Aryn Monkman,2021-07-28 12:55:50.914667,2021-07-28 12:55:50.914667,
474,chilldropd5,chilldropd5@ted.com,Clarice Hilldrop,2021-07-28 12:55:50.914667,2021-07-28 12:55:50.914667,
475,fslaneyd6,fslaneyd6@exblog.jp,Freida Slaney,,2021-07-28 12:55:50.914667,
476,aelsond7,aelsond7@photobucket.com,Avrit Elson,2021-07-28 12:55:50.914667,2021-07-28 12:55:50.914667,
477,wmcjarrowd8,wmcjarrowd8@pagesperso-orange.fr,Waylon McJarrow,2021-07-28 12:55:50.914667,2021-07-28 12:55:50.914667,
478,mmelad9,mmelad9@sciencedirect.com,Miof mela Prier,2021-07-28 12:55:50.914667,2021-07-28 12:55:50.914667,
479,aelvinda,aelvinda@intel.com,Agnes Elvin,,2021-07-28 12:55:50.914667,
480,cgridondb,cgridondb@sina.com.cn,Carce Gridon,2021-07-28 12:55:50.914667,2021-07-28 12:55:50.914667,
481,dmeyrickdc,dmeyrickdc@diigo.com,Dominik Meyrick,,2021-07-28 12:55:50.914667,
482,teeftingdd,teeftingdd@twitter.com,Tedman Eefting,,2021-07-28 12:55:50.914667,
483,bdede,bdede@wikia.com,Brigitta De Blase,,2021-07-28 12:55:50.914667,
484,msteckingsdf,msteckingsdf@dell.com,Minerva Steckings,,2021-07-28 12:55:50.914667,
485,tseilerdg,tseilerdg@nps.gov,Tanhya Seiler,2021-07-28 12:55:50.914667,2021-07-28 12:55:50.914667,
486,cdeniseaudh,cdeniseaudh@google.it,Chrissy Deniseau,,2021-07-28 12:55:50.914667,
487,kspalldi,kspalldi@sciencedirect.com,Kamilah Spall,,2021-07-28 12:55:50.914667,
488,dbrewarddj,dbrewarddj@cafepress.com,Drucie Breward,,2021-07-28 12:55:50.914667,
489,bvannozziidk,bvannozziidk@cnbc.com,Burl Vannozzii,,2021-07-28 12:55:50.914667,
490,gpatterfielddl,gpatterfielddl@nyu.edu,Gabi Patterfield,2021-07-28 12:55:50.914667,2021-07-28 12:55:50.914667,
491,mubankdm,mubankdm@discuz.net,Maisie Ubank,2021-07-28 12:55:50.914667,2021-07-28 12:55:50.914667,
492,ptorbarddn,ptorbarddn@istockphoto.com,Phelia Torbard,2021-07-28 12:55:50.914667,2021-07-28 12:55:50.914667,
493,dterrellydo,dterrellydo@cdc.gov,Dwayne Terrelly,2021-07-28 12:55:50.914667,2021-07-28 12:55:50.914667,
494,cfinessydp,cfinessydp@acquirethisname.com,Corinne Finessy,2021-07-28 12:55:50.914667,2021-07-28 12:55:50.914667,
495,mwernhamdq,mwernhamdq@apache.org,Muire Wernham,2021-07-28 12:55:50.914667,2021-07-28 12:55:50.914667,
496,ashrevedr,ashrevedr@bandcamp.com,Aldis Shreve,2021-07-28 12:55:50.914667,2021-07-28 12:55:50.914667,
497,lspurdensds,lspurdensds@princeton.edu,Liana Spurdens,2021-07-28 12:55:50.914667,2021-07-28 12:55:50.914667,
498,hjumeaudt,hjumeaudt@yale.edu,Harris Jumeau,,2021-07-28 12:55:50.914667,
499,lpaigedu,lpaigedu@xing.com,Laney Paige,2021-07-28 12:55:50.914667,2021-07-28 12:55:50.914667,
500,rbrunsendv,rbrunsendv@mozilla.com,Rubia Brunsen,2021-07-28 12:55:50.914667,2021-07-28 12:55:50.914667,
501,fkulasdw,fkulasdw@adobe.com,Friedrick Kulas,2021-07-28 12:55:50.914667,2021-07-28 12:55:50.914667,
502,dbenndx,dbenndx@theatlantic.com,Dacia Benn,2021-07-28 12:55:50.914667,2021-07-28 12:55:50.914667,
503,sconaghandy,sconaghandy@fda.gov,Siffre Conaghan,,2021-07-28 12:55:50.914667,
504,sfilipicdz,sfilipicdz@cbsnews.com,Shea Filipic,2021-07-28 12:55:50.914667,2021-07-28 12:55:50.914667,
505,ecappineere0,ecappineere0@tumblr.com,Elvin Cappineer,2021-07-28 12:55:50.914667,2021-07-28 12:55:50.914667,
506,rmordiee1,rmordiee1@bizjournals.com,Robert Mordie,2021-07-28 12:55:50.914667,2021-07-28 12:55:50.914667,
507,tleithe2,tleithe2@eepurl.com,Turner Leith,2021-07-28 12:55:50.914667,2021-07-28 12:55:50.914667,
508,bclowsleye3,bclowsleye3@bloomberg.com,Binni Clowsley,,2021-07-28 12:55:50.914667,
509,tblacklye4,tblacklye4@bravesites.com,Terrence Blackly,2021-07-28 12:55:50.914667,2021-07-28 12:55:50.914667,
510,namise5,namise5@t.co,Nev Amis,,2021-07-28 12:55:50.914667,
511,ddeee6,ddeee6@myspace.com,Dee dee Clutterbuck,2021-07-28 12:55:50.914667,2021-07-28 12:55:50.914667,
512,tkainee7,tkainee7@people.com.cn,Tibold Kaine,2021-07-28 12:55:50.914667,2021-07-28 12:55:50.914667,
513,lerate8,lerate8@omniture.com,Lambert Erat,2021-07-28 12:55:50.914667,2021-07-28 12:55:50.914667,
514,tgawithe9,tgawithe9@soup.io,Therese Gawith,,2021-07-28 12:55:50.914667,
515,hwoolacottea,hwoolacottea@woothemes.com,Hebert Woolacott,,2021-07-28 12:55:50.914667,
516,dhugganeb,dhugganeb@gnu.org,Desmund Huggan,2021-07-28 12:55:50.914667,2021-07-28 12:55:50.914667,
517,cpetriec,cpetriec@hp.com,Chev Petri,,2021-07-28 12:55:50.914667,
518,rdevitaed,rdevitaed@upenn.edu,Ruby Devita,,2021-07-28 12:55:50.914667,
519,amcgrowtheree,amcgrowtheree@sina.com.cn,Andriana McGrowther,2021-07-28 12:55:50.914667,2021-07-28 12:55:50.914667,
520,cclemoesef,cclemoesef@diigo.com,Cletus Clemoes,,2021-07-28 12:55:50.914667,
521,bloggeg,bloggeg@w3.org,Beret Logg,2021-07-28 12:55:50.914667,2021-07-28 12:55:50.914667,
522,jfaircleyeh,jfaircleyeh@nih.gov,Janos Faircley,,2021-07-28 12:55:50.914667,
523,llemerleei,llemerleei@surveymonkey.com,Lissi Lemerle,2021-07-28 12:55:50.914667,2021-07-28 12:55:50.914667,
524,lrainsej,lrainsej@wordpress.com,Lind Rains,,2021-07-28 12:55:50.914667,
525,jjaquemeek,jjaquemeek@nydailynews.com,Jandy Jaqueme,2021-07-28 12:55:50.914667,2021-07-28 12:55:50.914667,
526,jvanyarkinel,jvanyarkinel@moonfruit.com,Justinian Vanyarkin,2021-07-28 12:55:50.914667,2021-07-28 12:55:50.914667,
527,nbeardsellem,nbeardsellem@ibm.com,Nelli Beardsell,2021-07-28 12:55:50.914667,2021-07-28 12:55:50.914667,
528,hstihlen,hstihlen@washingtonpost.com,Hurlee Stihl,,2021-07-28 12:55:50.914667,
529,gaspitaleo,gaspitaleo@sciencedirect.com,Gwendolyn Aspital,2021-07-28 12:55:50.914667,2021-07-28 12:55:50.914667,
530,sdallynep,sdallynep@squarespace.com,Sylas Dallyn,2021-07-28 12:55:50.914667,2021-07-28 12:55:50.914667,
531,drobbeyeq,drobbeyeq@zimbio.com,Dana Robbey,2021-07-28 12:55:50.914667,2021-07-28 12:55:50.914667,
532,nfrouder,nfrouder@ucla.edu,Neall Froud,2021-07-28 12:55:50.914667,2021-07-28 12:55:50.914667,
533,ksentes,ksentes@amazon.com,Knox Sent,,2021-07-28 12:55:50.914667,
534,kioselevichet,kioselevichet@uol.com.br,Kelbee Ioselevich,2021-07-28 12:55:50.914667,2021-07-28 12:55:50.914667,
535,mwrouteu,mwrouteu@timesonline.co.uk,Maire Wrout,,2021-07-28 12:55:50.914667,
536,bwimmersev,bwimmersev@mashable.com,Bianka Wimmers,2021-07-28 12:55:50.914667,2021-07-28 12:55:50.914667,
537,cmeredithew,cmeredithew@guardian.co.uk,Clarita Meredith,2021-07-28 12:55:50.914667,2021-07-28 12:55:50.914667,
538,wmclaffertyex,wmclaffertyex@tiny.cc,Wilt McLafferty,2021-07-28 12:55:50.914667,2021-07-28 12:55:50.914667,
539,bkoppeney,bkoppeney@facebook.com,Burt Koppen,,2021-07-28 12:55:50.914667,
540,adafterez,adafterez@devhub.com,Arie Dafter,2021-07-28 12:55:50.914667,2021-07-28 12:55:50.914667,
541,btunnof0,btunnof0@moonfruit.com,Blane Tunno,2021-07-28 12:55:50.914667,2021-07-28 12:55:50.914667,
542,pgoodingsf1,pgoodingsf1@stanford.edu,Pearla Goodings,2021-07-28 12:55:50.914667,2021-07-28 12:55:50.914667,
543,wechalief2,wechalief2@yellowpages.com,Waldo Echalie,,2021-07-28 12:55:50.914667,
544,bdotterillf3,bdotterillf3@sun.com,Basile Dotterill,,2021-07-28 12:55:50.914667,
545,dhaggerstonef4,dhaggerstonef4@edublogs.org,Dudley Haggerstone,,2021-07-28 12:55:50.914667,
546,xgealef5,xgealef5@businessweek.com,Xenos Geale,,2021-07-28 12:55:50.914667,
547,pscurryf6,pscurryf6@eepurl.com,Pincus Scurry,,2021-07-28 12:55:50.914667,
548,hseintf7,hseintf7@intel.com,Helge Seint,2021-07-28 12:55:50.914667,2021-07-28 12:55:50.914667,
549,bwindsorf8,bwindsorf8@wisc.edu,Beatrix Windsor,2021-07-28 12:55:50.914667,2021-07-28 12:55:50.914667,
550,cblaesf9,cblaesf9@over-blog.com,Chevy Blaes,2021-07-28 12:55:50.914667,2021-07-28 12:55:50.914667,
551,kkyteleyfa,kkyteleyfa@t.co,Kristofor Kyteley,,2021-07-28 12:55:50.914667,
552,gsmidmoorfb,gsmidmoorfb@springer.com,Gina Smidmoor,2021-07-28 12:55:50.914667,2021-07-28 12:55:50.914667,
553,bioanfc,bioanfc@phpbb.com,Birgitta Ioan,2021-07-28 12:55:50.914667,2021-07-28 12:55:50.914667,
554,mgabalafd,mgabalafd@nba.com,Mufinella Gabala,2021-07-28 12:55:50.914667,2021-07-28 12:55:50.914667,
555,hmccalisterfe,hmccalisterfe@technorati.com,Harris McCalister,2021-07-28 12:55:50.914667,2021-07-28 12:55:50.914667,
556,jtonnff,jtonnff@tripod.com,Jerrie Tonn,2021-07-28 12:55:50.914667,2021-07-28 12:55:50.914667,
557,josannefg,josannefg@mtv.com,Jaquelin Osanne,2021-07-28 12:55:50.914667,2021-07-28 12:55:50.914667,
558,ckinghamfh,ckinghamfh@usatoday.com,Curcio Kingham,,2021-07-28 12:55:50.914667,
559,mstotherfieldfi,mstotherfieldfi@umich.edu,Mathilde Stotherfield,2021-07-28 12:55:50.914667,2021-07-28 12:55:50.914667,
560,crichelfj,crichelfj@biblegateway.com,Cornie Richel,2021-10-10 12:55:50.914667,2021-07-28 12:55:50.914667,
561,ggrizardfk,ggrizardfk@eventbrite.com,Georgy Grizard,2021-04-05 12:55:50.914667,2021-04-05 12:55:50.914667,
562,ggodboltfl,ggodboltfl@hc360.com,Gabbey Godbolt,,2021-04-05 12:55:50.914667,
563,gsandwickfm,gsandwickfm@disqus.com,Gil Sandwick,2021-04-05 12:55:50.914667,2021-04-05 12:55:50.914667,
564,avanfn,avanfn@e-recht24.de,Adlai Van Daalen,2021-04-05 12:55:50.914667,2021-04-05 12:55:50.914667,
565,carnleyfo,carnleyfo@is.gd,Chancey Arnley,2021-04-05 12:55:50.914667,2021-04-05 12:55:50.914667,
566,gplankfp,gplankfp@google.nl,Gualterio Plank,,2021-04-05 12:55:50.914667,
567,kpavkovicfq,kpavkovicfq@com.com,Karmen Pavkovic,2021-04-05 12:55:50.914667,2021-04-05 12:55:50.914667,
568,hmeadwayfr,hmeadwayfr@forbes.com,Holly-anne Meadway,2021-04-05 12:55:50.914667,2021-04-05 12:55:50.914667,
569,gturlefs,gturlefs@nsw.gov.au,Gan Turle,,2021-04-05 12:55:50.914667,
570,joliveraft,joliveraft@epa.gov,Jessika Olivera,2021-04-05 12:55:50.914667,2021-04-05 12:55:50.914667,
571,alamblinfu,alamblinfu@oracle.com,Ami Lamblin,2021-04-05 12:55:50.914667,2021-04-05 12:55:50.914667,
572,dromefv,dromefv@google.es,Dreddy Rome,2021-04-05 12:55:50.914667,2021-04-05 12:55:50.914667,
573,wbalmadierfw,wbalmadierfw@washingtonpost.com,Warren Balmadier,2021-04-05 12:55:50.914667,2021-04-05 12:55:50.914667,
574,aordemannfx,aordemannfx@i2i.jp,Agna Ordemann,,2021-04-05 12:55:50.914667,
575,gkleinsmuntzfy,gkleinsmuntzfy@gmpg.org,Gonzales Kleinsmuntz,2021-04-05 12:55:50.914667,2021-04-05 12:55:50.914667,
576,taldisfz,taldisfz@ameblo.jp,Tan Aldis,,2021-04-05 12:55:50.914667,
577,gnorreeg0,gnorreeg0@biglobe.ne.jp,Gaile Norree,2021-04-05 12:55:50.914667,2021-04-05 12:55:50.914667,
578,uskermerg1,uskermerg1@shop-pro.jp,Udale Skermer,2021-04-05 12:55:50.914667,2021-04-05 12:55:50.914667,
579,cwayong2,cwayong2@biglobe.ne.jp,Caddric Wayon,,2021-04-05 12:55:50.914667,
580,yraittg3,yraittg3@msu.edu,Yule Raitt,,2021-04-05 12:55:50.914667,
581,dbyrthg4,dbyrthg4@sakura.ne.jp,Dalt Byrth,,2021-04-05 12:55:50.914667,
582,cmorsheadg5,cmorsheadg5@go.com,Cody Morshead,,2021-04-05 12:55:50.914667,
583,rewbanksg6,rewbanksg6@oakley.com,Royal Ewbanks,2021-04-05 12:55:50.914667,2021-04-05 12:55:50.914667,
584,dkoppensg7,dkoppensg7@globo.com,Drusilla Koppens,,2021-04-05 12:55:50.914667,
585,griordang8,griordang8@barnesandnoble.com,Gerty Riordan,2021-04-05 12:55:50.914667,2021-04-05 12:55:50.914667,
586,ppalphreymang9,ppalphreymang9@bizjournals.com,Penelope Palphreyman,2021-04-05 12:55:50.914667,2021-04-05 12:55:50.914667,
587,rspitaroga,rspitaroga@weather.com,Reg Spitaro,2021-04-05 12:55:50.914667,2021-04-05 12:55:50.914667,
588,rrandlegb,rrandlegb@state.gov,Rich Randle,,2021-04-05 12:55:50.914667,
589,ktarzeygc,ktarzeygc@soup.io,Kristi Tarzey,,2021-04-05 12:55:50.914667,
590,rshreevesgd,rshreevesgd@feedburner.com,Robbert Shreeves,2021-04-05 12:55:50.914667,2021-04-05 12:55:50.914667,
591,mloadwickge,mloadwickge@tmall.com,Marj Loadwick,2021-04-05 12:55:50.914667,2021-04-05 12:55:50.914667,
592,rdulwichgf,rdulwichgf@epa.gov,Raphaela Dulwich,,2021-04-05 12:55:50.914667,
593,bravensheargg,bravensheargg@salon.com,Brittany Ravenshear,,2021-04-05 12:55:50.914667,
594,arapaportgh,arapaportgh@wsj.com,Adelina Rapaport,2021-04-05 12:55:50.914667,2021-04-05 12:55:50.914667,
595,kpodsgi,kpodsgi@vimeo.com,Kimmie Pods,2021-04-05 12:55:50.914667,2021-04-05 12:55:50.914667,
596,nbennygj,nbennygj@about.me,Noam Benny,2021-04-05 12:55:50.914667,2021-04-05 12:55:50.914667,
597,kmunnsgk,kmunnsgk@vkontakte.ru,Ken Munns,2021-04-05 12:55:50.914667,2021-04-05 12:55:50.914667,
598,eslogrovegl,eslogrovegl@shutterfly.com,Emanuel Slogrove,2021-04-05 12:55:50.914667,2021-04-05 12:55:50.914667,
599,kruburygm,kruburygm@uiuc.edu,Kayle Rubury,,2021-04-05 12:55:50.914667,
600,atwelvegn,atwelvegn@wufoo.com,Alethea Twelve,2021-04-05 12:55:50.914667,2021-04-05 12:55:50.914667,
601,lmacurago,lmacurago@gravatar.com,Lucille Macura,2021-04-05 12:55:50.914667,2021-04-05 12:55:50.914667,
602,lwickgp,lwickgp@newyorker.com,Lexis Wick,2021-04-05 12:55:50.914667,2021-04-05 12:55:50.914667,
603,choulstongq,choulstongq@blogger.com,Cornell Houlston,2021-04-05 12:55:50.914667,2021-04-05 12:55:50.914667,
604,athorroldgr,athorroldgr@unblog.fr,Alfons Thorrold,,2021-04-05 12:55:50.914667,
605,sthaimgs,sthaimgs@altervista.org,Susy Thaim,2021-04-05 12:55:50.914667,2021-04-05 12:55:50.914667,
606,vwebsdalegt,vwebsdalegt@google.pl,Viv Websdale,2021-04-05 12:55:50.914667,2021-04-05 12:55:50.914667,
607,mcrosongu,mcrosongu@statcounter.com,Marcela Croson,2021-04-05 12:55:50.914667,2021-04-05 12:55:50.914667,
608,alinsteadgv,alinsteadgv@ft.com,Alfie Linstead,,2021-04-05 12:55:50.914667,
609,cdeveregw,cdeveregw@wsj.com,Cori De'Vere - Hunt,2021-04-05 12:55:50.914667,2021-04-05 12:55:50.914667,
610,lstanilandgx,lstanilandgx@mashable.com,Lucine Staniland,2021-04-05 12:55:50.914667,2021-04-05 12:55:50.914667,
611,ewordsleygy,ewordsleygy@pen.io,Etheline Wordsley,2021-04-05 12:55:50.914667,2021-04-05 12:55:50.914667,
612,sduffieldgz,sduffieldgz@ustream.tv,Sarene Duffield,2021-04-05 12:55:50.914667,2021-04-05 12:55:50.914667,
613,jvoakh0,jvoakh0@vimeo.com,Jeannine Voak,2021-04-05 12:55:50.914667,2021-04-05 12:55:50.914667,
614,epepperrallh1,epepperrallh1@webnode.com,Ethelind Pepperrall,2021-04-05 12:55:50.914667,2021-04-05 12:55:50.914667,
615,ldunwoodyh2,ldunwoodyh2@yandex.ru,Lorain Dunwoody,2021-04-05 12:55:50.914667,2021-04-05 12:55:50.914667,
616,pkarpovh3,pkarpovh3@posterous.com,Pen Karpov,2021-04-05 12:55:50.914667,2021-04-05 12:55:50.914667,
617,krenodenh4,krenodenh4@accuweather.com,Karyn Renoden,2021-04-05 12:55:50.914667,2021-04-05 12:55:50.914667,
618,dmacallenh5,dmacallenh5@cisco.com,Dalli MacAllen,2021-04-05 12:55:50.914667,2021-04-05 12:55:50.914667,
619,smaccrackenh6,smaccrackenh6@wordpress.org,Sergent MacCracken,2021-04-05 12:55:50.914667,2021-04-05 12:55:50.914667,
620,bcarlawh7,bcarlawh7@google.es,Boniface Carlaw,2021-04-05 12:55:50.914667,2021-04-05 12:55:50.914667,
621,bwimpennyh8,bwimpennyh8@instagram.com,Brana Wimpenny,2021-04-05 12:55:50.914667,2021-04-05 12:55:50.914667,
622,lmoulth9,lmoulth9@feedburner.com,Lotty Moult,2021-04-05 12:55:50.914667,2021-04-05 12:55:50.914667,
623,dpallesenha,dpallesenha@soup.io,Dulce Pallesen,2021-04-05 12:55:50.914667,2021-04-05 12:55:50.914667,
624,cclementsonhb,cclementsonhb@deliciousdays.com,Clim Clementson,,2021-04-05 12:55:50.914667,
625,ebiggerdikehc,ebiggerdikehc@va.gov,Elenore Biggerdike,,2021-04-05 12:55:50.914667,
626,amathisonhd,amathisonhd@reuters.com,Ava Mathison,2021-04-05 12:55:50.914667,2021-04-05 12:55:50.914667,
627,ggreenhalfhe,ggreenhalfhe@joomla.org,Godiva Greenhalf,2021-04-05 12:55:50.914667,2021-04-05 12:55:50.914667,
628,tpattenhf,tpattenhf@ebay.co.uk,Tawnya Patten,,2021-04-05 12:55:50.914667,
629,scavilhg,scavilhg@google.de,Selle Cavil,,2021-04-05 12:55:50.914667,
630,hwaythh,hwaythh@smugmug.com,Hayden Wayt,2021-04-05 12:55:50.914667,2021-04-05 12:55:50.914667,
631,jguillotinhi,jguillotinhi@uol.com.br,Jake Guillotin,2021-04-05 12:55:50.914667,2021-04-05 12:55:50.914667,
632,sreilingenhj,sreilingenhj@blinklist.com,Stacee Reilingen,2021-04-05 12:55:50.914667,2021-04-05 12:55:50.914667,
633,hkedsliehk,hkedsliehk@skyrock.com,Hastings Kedslie,2021-04-05 12:55:50.914667,2021-04-05 12:55:50.914667,
634,dwilloughbyhl,dwilloughbyhl@etsy.com,Dayle Willoughby,2021-04-05 12:55:50.914667,2021-04-05 12:55:50.914667,
635,yfarmarhm,yfarmarhm@irs.gov,Yale Farmar,,2021-04-05 12:55:50.914667,
636,kbleythinghn,kbleythinghn@ibm.com,Kristi Bleything,2021-04-05 12:55:50.914667,2021-04-05 12:55:50.914667,
637,jlorrowayho,jlorrowayho@stanford.edu,Jacky Lorroway,2021-04-05 12:55:50.914667,2021-04-05 12:55:50.914667,
638,mbillionhp,mbillionhp@ovh.net,Michaeline Billion,2021-04-05 12:55:50.914667,2021-04-05 12:55:50.914667,
639,forsayhq,forsayhq@sciencedaily.com,Frasier Orsay,,2021-04-05 12:55:50.914667,
640,cmakinhr,cmakinhr@weibo.com,Charmine Makin,,2021-04-05 12:55:50.914667,
641,dlowriehs,dlowriehs@dion.ne.jp,Dall Lowrie,2021-04-05 12:55:50.914667,2021-04-05 12:55:50.914667,
642,agarsideht,agarsideht@google.ru,Artemas Garside,2021-04-05 12:55:50.914667,2021-04-05 12:55:50.914667,
643,dskillitthu,dskillitthu@vistaprint.com,Darius Skillitt,,2021-04-05 12:55:50.914667,
644,mhosbyhv,mhosbyhv@themeforest.net,Maren Hosby,,2021-04-05 12:55:50.914667,
645,khalloranhw,khalloranhw@posterous.com,Kylen Halloran,,2021-04-05 12:55:50.914667,
646,nhavishx,nhavishx@so-net.ne.jp,Niccolo Havis,,2021-04-05 12:55:50.914667,
647,swheeltonhy,swheeltonhy@si.edu,Sara Wheelton,2021-04-05 12:55:50.914667,2021-04-05 12:55:50.914667,
648,dverrillshz,dverrillshz@imgur.com,Dolli Verrills,2021-04-05 12:55:50.914667,2021-04-05 12:55:50.914667,
649,blargei0,blargei0@feedburner.com,Blair Large,2021-04-05 12:55:50.914667,2021-04-05 12:55:50.914667,
650,lmatheri1,lmatheri1@csmonitor.com,Lurette Mather,2021-04-05 12:55:50.914667,2021-04-05 12:55:50.914667,
651,hpryeri2,hpryeri2@ifeng.com,Heloise Pryer,2021-04-05 12:55:50.914667,2021-04-05 12:55:50.914667,
652,astallworthyi3,astallworthyi3@thetimes.co.uk,Andrea Stallworthy,,2021-04-05 12:55:50.914667,
653,arudgei4,arudgei4@ucsd.edu,Abigael Rudge,,2021-04-05 12:55:50.914667,
654,ksolanoi5,ksolanoi5@addthis.com,Karola Solano,,2021-04-05 12:55:50.914667,
655,cweldoni6,cweldoni6@whitehouse.gov,Chase Weldon,2021-04-05 12:55:50.914667,2021-04-05 12:55:50.914667,
656,gmaciani7,gmaciani7@virginia.edu,Gerhardine MacIan,2021-04-05 12:55:50.914667,2021-04-05 12:55:50.914667,
657,rwillgressi8,rwillgressi8@icq.com,Randee Willgress,,2021-04-05 12:55:50.914667,
658,cnuttoni9,cnuttoni9@theglobeandmail.com,Chantal Nutton,2021-04-05 12:55:50.914667,2021-04-05 12:55:50.914667,
659,lbithanyia,lbithanyia@nih.gov,Leyla Bithany,2021-04-05 12:55:50.914667,2021-04-05 12:55:50.914667,
660,mparlotib,mparlotib@un.org,Morton Parlot,2021-04-05 12:55:50.914667,2021-04-05 12:55:50.914667,
661,mmartillic,mmartillic@addthis.com,Marti Martill,2021-04-05 12:55:50.914667,2021-04-05 12:55:50.914667,
662,wmichelmoreid,wmichelmoreid@cyberchimps.com,Wendeline Michelmore,,2021-04-05 12:55:50.914667,
663,pheersemaie,pheersemaie@discuz.net,Philippa Heersema,2021-04-05 12:55:50.914667,2021-04-05 12:55:50.914667,
664,chearnsif,chearnsif@newsvine.com,Chastity Hearns,2021-04-05 12:55:50.914667,2021-04-05 12:55:50.914667,
665,cnapierig,cnapierig@mac.com,Catha Napier,,2021-04-05 12:55:50.914667,
666,vrobbsih,vrobbsih@drupal.org,Verine Robbs,2021-04-05 12:55:50.914667,2021-04-05 12:55:50.914667,
667,lwiddii,lwiddii@chron.com,Letisha Widd,,2021-04-05 12:55:50.914667,
668,sablittij,sablittij@japanpost.jp,Siward Ablitt,,2021-04-05 12:55:50.914667,
669,mfullardik,mfullardik@bizjournals.com,Madelle Fullard,2021-04-05 12:55:50.914667,2021-04-05 12:55:50.914667,
670,lkestinil,lkestinil@vinaora.com,Leonard Kestin,,2021-04-05 12:55:50.914667,
671,cphoebeim,cphoebeim@independent.co.uk,Claudina Phoebe,,2021-04-05 12:55:50.914667,
672,afrankissin,afrankissin@sciencedirect.com,Ambros Frankiss,2021-04-05 12:55:50.914667,2021-04-05 12:55:50.914667,
673,dmaccafferyio,dmaccafferyio@washingtonpost.com,Dwight MacCaffery,,2021-04-05 12:55:50.914667,
674,lblatherwickip,lblatherwickip@craigslist.org,Lavina Blatherwick,2021-04-05 12:55:50.914667,2021-04-05 12:55:50.914667,
675,klunamiq,klunamiq@alibaba.com,Kale Lunam,2021-04-05 12:55:50.914667,2021-04-05 12:55:50.914667,
676,jebbuttir,jebbuttir@about.me,Johnny Ebbutt,2021-04-05 12:55:50.914667,2021-04-05 12:55:50.914667,
677,dguilfoyleis,dguilfoyleis@google.cn,Darill Guilfoyle,2021-04-05 12:55:50.914667,2021-04-05 12:55:50.914667,
678,scornelleauit,scornelleauit@wikimedia.org,Saudra Cornelleau,2021-04-05 12:55:50.914667,2021-04-05 12:55:50.914667,
679,miwanickiiu,miwanickiiu@google.es,Mina Iwanicki,,2021-04-05 12:55:50.914667,
680,cortleriv,cortleriv@blogs.com,Carmen Ortler,2021-04-05 12:55:50.914667,2021-04-05 12:55:50.914667,
681,jboomeiw,jboomeiw@cloudflare.com,Joleen Boome,2021-04-05 12:55:50.914667,2021-04-05 12:55:50.914667,
682,sshickleix,sshickleix@salon.com,Shela Shickle,2021-04-05 12:55:50.914667,2021-04-05 12:55:50.914667,
683,vspolleniy,vspolleniy@pinterest.com,Virginia Spollen,2021-04-05 12:55:50.914667,2021-04-05 12:55:50.914667,
684,spunshoniz,spunshoniz@themeforest.net,Shaine Punshon,2021-04-05 12:55:50.914667,2021-04-05 12:55:50.914667,
685,rheatherj0,rheatherj0@wsj.com,Raymond Heather,2021-04-05 12:55:50.914667,2021-04-05 12:55:50.914667,
686,amacbeyj1,amacbeyj1@google.co.jp,Andreas MacBey,2021-04-05 12:55:50.914667,2021-04-05 12:55:50.914667,
687,dmenguyj2,dmenguyj2@reuters.com,Dorian Menguy,,2021-04-05 12:55:50.914667,
688,caslettj3,caslettj3@nationalgeographic.com,Chiquita Aslett,2021-04-05 12:55:50.914667,2021-04-05 12:55:50.914667,
689,gcragheadj4,gcragheadj4@un.org,Gavrielle Craghead,,2021-04-05 12:55:50.914667,
690,mtungatej5,mtungatej5@dailymail.co.uk,Mallissa Tungate,,2021-04-05 12:55:50.914667,
691,pmawj6,pmawj6@chicagotribune.com,Penni Maw,2021-04-05 12:55:50.914667,2021-04-05 12:55:50.914667,
692,ichungj7,ichungj7@senate.gov,Irita Chung,2021-04-05 12:55:50.914667,2021-04-05 12:55:50.914667,
693,hwilderj8,hwilderj8@unesco.org,Hall Wilder,,2021-04-05 12:55:50.914667,
694,shuebnerj9,shuebnerj9@yellowbook.com,Sallie Huebner,2021-04-05 12:55:50.914667,2021-04-05 12:55:50.914667,
695,arawkesbyja,arawkesbyja@ucsd.edu,Amalee Rawkesby,2021-04-05 12:55:50.914667,2021-04-05 12:55:50.914667,
696,bcurnerjb,bcurnerjb@over-blog.com,Britni Curner,2021-04-05 12:55:50.914667,2021-04-05 12:55:50.914667,
697,adillwayjc,adillwayjc@typepad.com,Abbott Dillway,2021-04-05 12:55:50.914667,2021-04-05 12:55:50.914667,
698,ehaslockjd,ehaslockjd@ed.gov,Edna Haslock,,2021-04-05 12:55:50.914667,
699,xrimbaultje,xrimbaultje@slashdot.org,Xaviera Rimbault,2021-04-05 12:55:50.914667,2021-04-05 12:55:50.914667,
700,jyakebovichjf,jyakebovichjf@state.gov,Julienne Yakebovich,2021-04-05 12:55:50.914667,2021-04-05 12:55:50.914667,
701,mbrooksbankjg,mbrooksbankjg@networksolutions.com,Misha Brooksbank,,2021-04-05 12:55:50.914667,
702,gingreyjh,gingreyjh@businesswire.com,Gussy Ingrey,,2021-04-05 12:55:50.914667,
703,epharrowji,epharrowji@fda.gov,Essy Pharrow,2021-04-05 12:55:50.914667,2021-04-05 12:55:50.914667,
704,akiddiejj,akiddiejj@guardian.co.uk,Arlyn Kiddie,,2021-04-05 12:55:50.914667,
705,agodehardsfjk,agodehardsfjk@examiner.com,Ardys Godehard.sf,2021-04-05 12:55:50.914667,2021-04-05 12:55:50.914667,
706,jbennettojl,jbennettojl@ifeng.com,Jonathon Bennetto,2021-04-05 12:55:50.914667,2021-04-05 12:55:50.914667,
707,jnichollsjm,jnichollsjm@desdev.cn,Janene Nicholls,2021-04-05 12:55:50.914667,2021-04-05 12:55:50.914667,
708,hrichemontjn,hrichemontjn@thetimes.co.uk,Harriet Richemont,2021-04-05 12:55:50.914667,2021-04-05 12:55:50.914667,
709,rheggadonjo,rheggadonjo@tumblr.com,Riki Heggadon,,2021-04-05 12:55:50.914667,
710,tdumbellowjp,tdumbellowjp@yelp.com,Torrey Dumbellow,,2021-04-05 12:55:50.914667,
711,medrichjq,medrichjq@mit.edu,Maggie Edrich,2021-04-05 12:55:50.914667,2021-04-05 12:55:50.914667,
712,caronowitzjr,caronowitzjr@china.com.cn,Clevie Aronowitz,2021-04-05 12:55:50.914667,2021-04-05 12:55:50.914667,
713,shuishjs,shuishjs@patch.com,Shelley Huish,2021-04-05 12:55:50.914667,2021-04-05 12:55:50.914667,
714,edegoeyjt,edegoeyjt@networksolutions.com,Elset Degoey,2021-04-05 12:55:50.914667,2021-04-05 12:55:50.914667,
715,srydeardju,srydeardju@dropbox.com,Shadow Rydeard,2021-04-05 12:55:50.914667,2021-04-05 12:55:50.914667,
716,cmcvickerjv,cmcvickerjv@bluehost.com,Clevey McVicker,2021-04-05 12:55:50.914667,2021-04-05 12:55:50.914667,
717,ntithecottjw,ntithecottjw@gizmodo.com,Nessa Tithecott,2021-04-05 12:55:50.914667,2021-04-05 12:55:50.914667,
718,cegdalejx,cegdalejx@newsvine.com,Crissy Egdale,2021-04-05 12:55:50.914667,2021-04-05 12:55:50.914667,
719,sbootherstonejy,sbootherstonejy@wikispaces.com,Sutherlan Bootherstone,2021-04-05 12:55:50.914667,2021-04-05 12:55:50.914667,
720,vhanscomjz,vhanscomjz@home.pl,Valle Hanscom,2021-04-05 12:55:50.914667,2021-04-05 12:55:50.914667,
721,tberreyk0,tberreyk0@adobe.com,Tailor Berrey,2021-04-05 12:55:50.914667,2021-04-05 12:55:50.914667,
722,zriemek1,zriemek1@cisco.com,Zena Rieme,,2021-04-05 12:55:50.914667,
723,pwelchk2,pwelchk2@smugmug.com,Prue Welch,2021-04-05 12:55:50.914667,2021-04-05 12:55:50.914667,
724,zcoxonk3,zcoxonk3@nature.com,Zaneta Coxon,2021-04-05 12:55:50.914667,2021-04-05 12:55:50.914667,
725,blabeuilk4,blabeuilk4@addtoany.com,Bertine Labeuil,,2021-04-05 12:55:50.914667,
726,bcortnayk5,bcortnayk5@cafepress.com,Berk Cortnay,2021-04-05 12:55:50.914667,2021-04-05 12:55:50.914667,
727,plarticek6,plarticek6@51.la,Penny Lartice,2021-04-05 12:55:50.914667,2021-04-05 12:55:50.914667,
728,bmanskek7,bmanskek7@godaddy.com,Bourke Manske,2021-04-05 12:55:50.914667,2021-04-05 12:55:50.914667,
729,bkeatk8,bkeatk8@drupal.org,Barry Keat,,2021-04-05 12:55:50.914667,
730,mnoadsk9,mnoadsk9@elegantthemes.com,Minne Noads,2021-04-05 12:55:50.914667,2021-04-05 12:55:50.914667,
731,alyneka,alyneka@latimes.com,Arabelle Lyne,2021-04-05 12:55:50.914667,2021-04-05 12:55:50.914667,
732,nspunerkb,nspunerkb@utexas.edu,Neala Spuner,2021-04-05 12:55:50.914667,2021-04-05 12:55:50.914667,
733,jjakewaykc,jjakewaykc@businesswire.com,Jorgan Jakeway,2021-04-05 12:55:50.914667,2021-04-05 12:55:50.914667,
734,bsherewoodkd,bsherewoodkd@ifeng.com,Beryle Sherewood,,2021-04-05 12:55:50.914667,
735,kconradieke,kconradieke@reference.com,Korey Conradie,2021-04-05 12:55:50.914667,2021-04-05 12:55:50.914667,
736,ctomasonikf,ctomasonikf@ask.com,Cosetta Tomasoni,2021-04-05 12:55:50.914667,2021-04-05 12:55:50.914667,
737,lholburykg,lholburykg@omniture.com,Lazarus Holbury,,2021-04-05 12:55:50.914667,
738,baysikkh,baysikkh@prlog.org,Berkly Aysik,2021-04-05 12:55:50.914667,2021-04-05 12:55:50.914667,
739,mgoodreadki,mgoodreadki@tiny.cc,Maridel Goodread,2021-10-10 12:55:50.914667,2021-04-05 12:55:50.914667,
740,gphinkj,gphinkj@webnode.com,Germaine Phin,2021-02-23 12:55:50.914667,2021-02-23 12:55:50.914667,
741,dblasiakkk,dblasiakkk@tamu.edu,Darwin Blasiak,2021-02-23 12:55:50.914667,2021-02-23 12:55:50.914667,
742,cmckl,cmckl@cafepress.com,Chance Mc Gee,2021-02-23 12:55:50.914667,2021-02-23 12:55:50.914667,
743,helseykm,helseykm@slideshare.net,Harman Elsey,,2021-02-23 12:55:50.914667,
744,dashburnekn,dashburnekn@seattletimes.com,Darwin Ashburne,2021-02-23 12:55:50.914667,2021-02-23 12:55:50.914667,
745,rjancarko,rjancarko@craigslist.org,Rikki Jancar,2021-02-23 12:55:50.914667,2021-02-23 12:55:50.914667,
746,gforsythekp,gforsythekp@harvard.edu,Goldina Forsythe,2021-02-23 12:55:50.914667,2021-02-23 12:55:50.914667,
747,wmighelekq,wmighelekq@zdnet.com,Way Mighele,2021-02-23 12:55:50.914667,2021-02-23 12:55:50.914667,
748,sridsdellkr,sridsdellkr@loc.gov,Sofie Ridsdell,2021-02-23 12:55:50.914667,2021-02-23 12:55:50.914667,
749,mkendredks,mkendredks@amazonaws.com,Massimo Kendred,2021-02-23 12:55:50.914667,2021-02-23 12:55:50.914667,
750,mtokekt,mtokekt@auda.org.au,Marshall Toke,2021-02-23 12:55:50.914667,2021-02-23 12:55:50.914667,
751,astrognellku,astrognellku@amazonaws.com,Allard Strognell,2021-02-23 12:55:50.914667,2021-02-23 12:55:50.914667,
752,htolworthkv,htolworthkv@clickbank.net,Hendrik Tolworth,2021-02-23 12:55:50.914667,2021-02-23 12:55:50.914667,
753,hcomberkw,hcomberkw@paginegialle.it,Hillyer Comber,2021-02-23 12:55:50.914667,2021-02-23 12:55:50.914667,
754,whalfacreekx,whalfacreekx@nhs.uk,Willow Halfacree,2021-02-23 12:55:50.914667,2021-02-23 12:55:50.914667,
755,mpopeleyky,mpopeleyky@deliciousdays.com,Murdoch Popeley,2021-02-23 12:55:50.914667,2021-02-23 12:55:50.914667,
756,bbangerkz,bbangerkz@pen.io,Burtie Banger,2021-02-23 12:55:50.914667,2021-02-23 12:55:50.914667,
757,soldacrel0,soldacrel0@princeton.edu,Stanly Oldacre,2021-02-23 12:55:50.914667,2021-02-23 12:55:50.914667,
758,bbennellickl1,bbennellickl1@cnet.com,Betsy Bennellick,,2021-02-23 12:55:50.914667,
759,lraoultl2,lraoultl2@google.es,Lottie Raoult,2021-02-23 12:55:50.914667,2021-02-23 12:55:50.914667,
760,dporteousl3,dporteousl3@gravatar.com,Dena Porteous,,2021-02-23 12:55:50.914667,
761,pbarrarl4,pbarrarl4@feedburner.com,Phillipp Barrar,2021-02-23 12:55:50.914667,2021-02-23 12:55:50.914667,
762,cpaddiel5,cpaddiel5@jimdo.com,Carina Paddie,2021-02-23 12:55:50.914667,2021-02-23 12:55:50.914667,
763,hmaynardl6,hmaynardl6@sphinn.com,Henderson Maynard,2021-02-23 12:55:50.914667,2021-02-23 12:55:50.914667,
764,bbaylel7,bbaylel7@chron.com,Baily Bayle,2021-02-23 12:55:50.914667,2021-02-23 12:55:50.914667,
765,atoxelll8,atoxelll8@vistaprint.com,Atalanta Toxell,2021-02-23 12:55:50.914667,2021-02-23 12:55:50.914667,
766,tsehorschl9,tsehorschl9@bloglines.com,Timoteo Sehorsch,,2021-02-23 12:55:50.914667,
767,nleyrroydla,nleyrroydla@free.fr,Nikki Leyrroyd,2021-02-23 12:55:50.914667,2021-02-23 12:55:50.914667,
768,mjakolevitchlb,mjakolevitchlb@shinystat.com,Milena Jakolevitch,2021-02-23 12:55:50.914667,2021-02-23 12:55:50.914667,
769,nedellc,nedellc@army.mil,Nat Edel,2021-02-23 12:55:50.914667,2021-02-23 12:55:50.914667,
770,abentleyld,abentleyld@themeforest.net,Ardith Bentley,2021-02-23 12:55:50.914667,2021-02-23 12:55:50.914667,
771,smoroneyle,smoroneyle@senate.gov,Stanton Moroney,2021-02-23 12:55:50.914667,2021-02-23 12:55:50.914667,
772,klelf,klelf@fema.gov,Kimmie Le febre,2021-02-23 12:55:50.914667,2021-02-23 12:55:50.914667,
773,aportsmouthlg,aportsmouthlg@yelp.com,Adda Portsmouth,2021-02-23 12:55:50.914667,2021-02-23 12:55:50.914667,
774,lhennerlh,lhennerlh@sogou.com,Lily Henner,,2021-02-23 12:55:50.914667,
775,dcossomli,dcossomli@theguardian.com,Dione Cossom,2021-02-23 12:55:50.914667,2021-02-23 12:55:50.914667,
776,logavinlj,logavinlj@google.pl,Latrina O'Gavin,,2021-02-23 12:55:50.914667,
777,atrazzilk,atrazzilk@hhs.gov,Aundrea Trazzi,2021-02-23 12:55:50.914667,2021-02-23 12:55:50.914667,
778,dstorrierll,dstorrierll@opensource.org,Dasie Storrier,2021-02-23 12:55:50.914667,2021-02-23 12:55:50.914667,
779,floftuslm,floftuslm@themeforest.net,Felicdad Loftus,2021-02-23 12:55:50.914667,2021-02-23 12:55:50.914667,
780,kizchakiln,kizchakiln@webs.com,Kimmy Izchaki,2021-02-23 12:55:50.914667,2021-02-23 12:55:50.914667,
781,aparkmanlo,aparkmanlo@princeton.edu,Amy Parkman,,2021-02-23 12:55:50.914667,
782,spaddocklp,spaddocklp@weather.com,Say Paddock,2021-02-23 12:55:50.914667,2021-02-23 12:55:50.914667,
783,mcellerlq,mcellerlq@xinhuanet.com,Monika Celler,,2021-02-23 12:55:50.914667,
784,logelsbylr,logelsbylr@clickbank.net,Lib Ogelsby,2021-02-23 12:55:50.914667,2021-02-23 12:55:50.914667,
785,ocourtierls,ocourtierls@seesaa.net,Octavia Courtier,,2021-02-23 12:55:50.914667,
786,jworvilllt,jworvilllt@dropbox.com,Jeniece Worvill,2021-02-23 12:55:50.914667,2021-02-23 12:55:50.914667,
787,sdunninglu,sdunninglu@xing.com,Suzie Dunning,,2021-02-23 12:55:50.914667,
788,fnovellilv,fnovellilv@delicious.com,Fields Novelli,,2021-02-23 12:55:50.914667,
789,mpelllw,mpelllw@msu.edu,Mattie Pell,2021-02-23 12:55:50.914667,2021-02-23 12:55:50.914667,
790,gtuisonlx,gtuisonlx@oakley.com,Garret Tuison,,2021-02-23 12:55:50.914667,
791,tpancastly,tpancastly@wordpress.org,Tammara Pancast,2021-02-23 12:55:50.914667,2021-02-23 12:55:50.914667,
792,eeldredgelz,eeldredgelz@columbia.edu,Ebba Eldredge,,2021-02-23 12:55:50.914667,
793,tdim0,tdim0@linkedin.com,Tedi Di Biagio,,2021-02-23 12:55:50.914667,
794,nprinm1,nprinm1@shareasale.com,Nathalie Prin,,2021-02-23 12:55:50.914667,
795,pschraderm2,pschraderm2@latimes.com,Pollyanna Schrader,,2021-02-23 12:55:50.914667,
796,gastridgem3,gastridgem3@is.gd,Gerri Astridge,2021-02-23 12:55:50.914667,2021-02-23 12:55:50.914667,
797,pstronachm4,pstronachm4@typepad.com,Paulina Stronach,2021-02-23 12:55:50.914667,2021-02-23 12:55:50.914667,
798,beliem5,beliem5@netvibes.com,Bradley Elie,2021-02-23 12:55:50.914667,2021-02-23 12:55:50.914667,
799,esalisburym6,esalisburym6@dailymotion.com,Erminia Salisbury,2021-02-23 12:55:50.914667,2021-02-23 12:55:50.914667,
800,lsherynm7,lsherynm7@linkedin.com,Layla Sheryn,2021-02-23 12:55:50.914667,2021-02-23 12:55:50.914667,
801,awoodierm8,awoodierm8@usatoday.com,Annette Woodier,2021-02-23 12:55:50.914667,2021-02-23 12:55:50.914667,
802,rnewberrym9,rnewberrym9@com.com,Regine Newberry,2021-02-23 12:55:50.914667,2021-02-23 12:55:50.914667,
803,cchildma,cchildma@mozilla.org,Clair Child,2021-02-23 12:55:50.914667,2021-02-23 12:55:50.914667,
804,iheeronmb,iheeronmb@msu.edu,Issy Heeron,,2021-02-23 12:55:50.914667,
805,ahowismc,ahowismc@earthlink.net,Avril Howis,2021-02-23 12:55:50.914667,2021-02-23 12:55:50.914667,
806,mskedgemd,mskedgemd@jugem.jp,Morris Skedge,,2021-02-23 12:55:50.914667,
807,tquinellme,tquinellme@sakura.ne.jp,Timoteo Quinell,2021-02-23 12:55:50.914667,2021-02-23 12:55:50.914667,
808,isammesmf,isammesmf@nationalgeographic.com,Ive Sammes,,2021-02-23 12:55:50.914667,
809,egiovannellimg,egiovannellimg@cyberchimps.com,Eustacia Giovannelli,,2021-02-23 12:55:50.914667,
810,bdohmermh,bdohmermh@google.co.uk,Blinny Dohmer,,2021-02-23 12:55:50.914667,
811,chartnupmi,chartnupmi@squidoo.com,Cletus Hartnup,2021-02-23 12:55:50.914667,2021-02-23 12:55:50.914667,
812,atreasuremj,atreasuremj@go.com,Aubry Treasure,,2021-02-23 12:55:50.914667,
813,fhammerichmk,fhammerichmk@shareasale.com,Florella Hammerich,2021-02-23 12:55:50.914667,2021-02-23 12:55:50.914667,
814,ecamackeml,ecamackeml@de.vu,Ephrayim Camacke,,2021-02-23 12:55:50.914667,
815,khugonnetmm,khugonnetmm@noaa.gov,Kingsley Hugonnet,,2021-02-23 12:55:50.914667,
816,ecorradomn,ecorradomn@japanpost.jp,Ellette Corrado,2021-02-23 12:55:50.914667,2021-02-23 12:55:50.914667,
817,wanersenmo,wanersenmo@dell.com,Wolfie Anersen,,2021-02-23 12:55:50.914667,
818,mgerreltsmp,mgerreltsmp@dmoz.org,Morena Gerrelts,2021-02-23 12:55:50.914667,2021-02-23 12:55:50.914667,
819,hmonckmq,hmonckmq@irs.gov,Herta Monck,2021-02-23 12:55:50.914667,2021-02-23 12:55:50.914667,
820,ebowcockmr,ebowcockmr@youku.com,Ellary Bowcock,2021-02-23 12:55:50.914667,2021-02-23 12:55:50.914667,
821,lbrutonms,lbrutonms@nydailynews.com,Lyndsay Bruton,2021-02-23 12:55:50.914667,2021-02-23 12:55:50.914667,
822,bsterkemt,bsterkemt@zdnet.com,Biddie Sterke,2021-02-23 12:55:50.914667,2021-02-23 12:55:50.914667,
823,tclaypoolmu,tclaypoolmu@cornell.edu,Trula Claypool,2021-02-23 12:55:50.914667,2021-02-23 12:55:50.914667,
824,cmedcraftmv,cmedcraftmv@ucoz.com,Cherida Medcraft,2021-02-23 12:55:50.914667,2021-02-23 12:55:50.914667,
825,cwinsparmw,cwinsparmw@dagondesign.com,Charline Winspar,,2021-02-23 12:55:50.914667,
826,nchurlymx,nchurlymx@de.vu,Nonah Churly,2021-02-23 12:55:50.914667,2021-02-23 12:55:50.914667,
827,ggrannellmy,ggrannellmy@loc.gov,Gabrila Grannell,2021-02-23 12:55:50.914667,2021-02-23 12:55:50.914667,
828,ahatchettmz,ahatchettmz@howstuffworks.com,Aleen Hatchett,,2021-02-23 12:55:50.914667,
829,tdickingsn0,tdickingsn0@myspace.com,Tabatha Dickings,2021-02-23 12:55:50.914667,2021-02-23 12:55:50.914667,
830,zdobbynn1,zdobbynn1@blogspot.com,Zacharie Dobbyn,,2021-02-23 12:55:50.914667,
831,vburdgen2,vburdgen2@typepad.com,Vina Burdge,,2021-02-23 12:55:50.914667,
832,tlorkingsn3,tlorkingsn3@ocn.ne.jp,Timofei Lorkings,2021-02-23 12:55:50.914667,2021-02-23 12:55:50.914667,
833,dprattenn4,dprattenn4@examiner.com,Dody Pratten,2021-02-23 12:55:50.914667,2021-02-23 12:55:50.914667,
834,gatyean5,gatyean5@illinois.edu,Ginnifer Atyea,2021-02-23 12:55:50.914667,2021-02-23 12:55:50.914667,
835,scracien6,scracien6@hubpages.com,Sullivan Cracie,2021-02-23 12:55:50.914667,2021-02-23 12:55:50.914667,
836,hgornaln7,hgornaln7@g.co,Heriberto Gornal,,2021-02-23 12:55:50.914667,
837,csturgen8,csturgen8@eventbrite.com,Carlo Sturge,,2021-02-23 12:55:50.914667,
838,rlouden9,rlouden9@1688.com,Reagen Loude,2021-02-23 12:55:50.914667,2021-02-23 12:55:50.914667,
839,kbernardinellina,kbernardinellina@trellian.com,Kyle Bernardinelli,,2021-02-23 12:55:50.914667,
840,egladmannb,egladmannb@newyorker.com,Elsworth Gladman,2021-02-23 12:55:50.914667,2021-02-23 12:55:50.914667,
841,rrudgardnc,rrudgardnc@uiuc.edu,Rosemarie Rudgard,,2021-02-23 12:55:50.914667,
842,amclardiend,amclardiend@ox.ac.uk,Aubrette McLardie,2021-02-23 12:55:50.914667,2021-02-23 12:55:50.914667,
843,kmarusikne,kmarusikne@sfgate.com,Katrina Marusik,2021-02-23 12:55:50.914667,2021-02-23 12:55:50.914667,
844,acasselynf,acasselynf@noaa.gov,Alix Cassely,,2021-02-23 12:55:50.914667,
845,tbiddyng,tbiddyng@zimbio.com,Thorndike Biddy,,2021-02-23 12:55:50.914667,
846,aosgordbynh,aosgordbynh@themeforest.net,Araldo Osgordby,2021-02-23 12:55:50.914667,2021-02-23 12:55:50.914667,
847,cmacmarcuisni,cmacmarcuisni@google.it,Cathee MacMarcuis,2021-02-23 12:55:50.914667,2021-02-23 12:55:50.914667,
848,rreednj,rreednj@huffingtonpost.com,Reube Reed,2021-02-23 12:55:50.914667,2021-02-23 12:55:50.914667,
849,galessandrettink,galessandrettink@nifty.com,Griswold Alessandretti,2021-02-23 12:55:50.914667,2021-02-23 12:55:50.914667,
850,bthonasonnl,bthonasonnl@forbes.com,Bondon Thonason,2021-02-23 12:55:50.914667,2021-02-23 12:55:50.914667,
851,abaistownm,abaistownm@last.fm,Arly Baistow,2021-02-23 12:55:50.914667,2021-02-23 12:55:50.914667,
852,dsmaridgenn,dsmaridgenn@oracle.com,Ddene Smaridge,,2021-02-23 12:55:50.914667,
853,agentleno,agentleno@webeden.co.uk,Avrom Gentle,2021-02-23 12:55:50.914667,2021-02-23 12:55:50.914667,
854,ncockenp,ncockenp@chicagotribune.com,Nels Cocke,,2021-02-23 12:55:50.914667,
855,ilacrouxnq,ilacrouxnq@home.pl,Ivar Lacroux,,2021-02-23 12:55:50.914667,
856,fiacomininr,fiacomininr@scribd.com,Fancy Iacomini,2021-02-23 12:55:50.914667,2021-02-23 12:55:50.914667,
857,qstovingns,qstovingns@fema.gov,Quinlan Stoving,2021-02-23 12:55:50.914667,2021-02-23 12:55:50.914667,
858,uvickarnt,uvickarnt@spiegel.de,Urbanus Vickar,2021-02-23 12:55:50.914667,2021-02-23 12:55:50.914667,
859,gbedboroughnu,gbedboroughnu@jugem.jp,Giraldo Bedborough,2021-02-23 12:55:50.914667,2021-02-23 12:55:50.914667,
860,rgladebecknv,rgladebecknv@mtv.com,Richart Gladebeck,2021-02-23 12:55:50.914667,2021-02-23 12:55:50.914667,
861,diggaldennw,diggaldennw@squarespace.com,Denise Iggalden,2021-02-23 12:55:50.914667,2021-02-23 12:55:50.914667,
862,rtuttiettnx,rtuttiettnx@redcross.org,Rossie Tuttiett,2021-02-23 12:55:50.914667,2021-02-23 12:55:50.914667,
863,tescalany,tescalany@ibm.com,Tiphany Escala,2021-02-23 12:55:50.914667,2021-02-23 12:55:50.914667,
864,leteennz,leteennz@abc.net.au,Lorry Eteen,2021-02-23 12:55:50.914667,2021-02-23 12:55:50.914667,
865,bubsdaleo0,bubsdaleo0@cbslocal.com,Bayard Ubsdale,2021-02-23 12:55:50.914667,2021-02-23 12:55:50.914667,
866,csparshutto1,csparshutto1@feedburner.com,Charmian Sparshutt,2021-02-23 12:55:50.914667,2021-02-23 12:55:50.914667,
867,shesso2,shesso2@narod.ru,Sunshine Hess,2021-02-23 12:55:50.914667,2021-02-23 12:55:50.914667,
868,wblinto3,wblinto3@japanpost.jp,Wileen Blint,2021-02-23 12:55:50.914667,2021-02-23 12:55:50.914667,
869,dbeckfordo4,dbeckfordo4@house.gov,Dylan Beckford,2021-02-23 12:55:50.914667,2021-02-23 12:55:50.914667,
870,bmarslando5,bmarslando5@bravesites.com,Brook Marsland,2021-02-23 12:55:50.914667,2021-02-23 12:55:50.914667,
871,jpagnino6,jpagnino6@pagesperso-orange.fr,Jobey Pagnin,2021-02-23 12:55:50.914667,2021-02-23 12:55:50.914667,
872,lbrinsono7,lbrinsono7@vimeo.com,Lalo Brinson,2021-02-23 12:55:50.914667,2021-02-23 12:55:50.914667,
873,bjaleso8,bjaleso8@ycombinator.com,Byrom Jales,2021-02-23 12:55:50.914667,2021-02-23 12:55:50.914667,
874,ssaveryo9,ssaveryo9@fc2.com,Sybil Savery,2021-02-23 12:55:50.914667,2021-02-23 12:55:50.914667,
875,hritchoa,hritchoa@joomla.org,Helga Ritch,,2021-02-23 12:55:50.914667,
876,egeffenob,egeffenob@hubpages.com,Eberhard Geffen,2021-02-23 12:55:50.914667,2021-02-23 12:55:50.914667,
877,ecluseoc,ecluseoc@macromedia.com,Ellen Cluse,2021-02-23 12:55:50.914667,2021-02-23 12:55:50.914667,
878,tcapelingod,tcapelingod@nsw.gov.au,Terry Capeling,,2021-02-23 12:55:50.914667,
879,fginnaneoe,fginnaneoe@answers.com,Ferdie Ginnane,,2021-02-23 12:55:50.914667,
880,billistonof,billistonof@geocities.com,Basilius Illiston,2021-02-23 12:55:50.914667,2021-02-23 12:55:50.914667,
881,yboatwrightog,yboatwrightog@dmoz.org,Yulma Boatwright,,2021-02-23 12:55:50.914667,
882,dharcaseoh,dharcaseoh@oakley.com,Dunc Harcase,2021-02-23 12:55:50.914667,2021-02-23 12:55:50.914667,
883,sagateoi,sagateoi@drupal.org,Sergent Agate,2021-02-23 12:55:50.914667,2021-02-23 12:55:50.914667,
884,gdeoj,gdeoj@reuters.com,Giovanni de Vaen,2021-02-23 12:55:50.914667,2021-02-23 12:55:50.914667,
885,cdeverilleok,cdeverilleok@hatena.ne.jp,Cheston Deverille,2021-02-23 12:55:50.914667,2021-02-23 12:55:50.914667,
886,vladelol,vladelol@linkedin.com,Vincent Ladel,2021-02-23 12:55:50.914667,2021-02-23 12:55:50.914667,
887,tseccombeom,tseccombeom@google.com,Tobiah Seccombe,2021-02-23 12:55:50.914667,2021-02-23 12:55:50.914667,
888,aeastwoodon,aeastwoodon@homestead.com,Anselm Eastwood,,2021-02-23 12:55:50.914667,
889,dhavocoo,dhavocoo@twitter.com,Dodi Havoc,2021-02-23 12:55:50.914667,2021-02-23 12:55:50.914667,
890,cjacobsop,cjacobsop@sogou.com,Carri Jacobs,2021-02-23 12:55:50.914667,2021-02-23 12:55:50.914667,
891,icodioq,icodioq@cisco.com,Inesita Codi,,2021-02-23 12:55:50.914667,
892,evileor,evileor@seattletimes.com,Emerson Vile,,2021-02-23 12:55:50.914667,
893,jpowdrillos,jpowdrillos@netscape.com,Jaimie Powdrill,,2021-02-23 12:55:50.914667,
894,ltregoningot,ltregoningot@yolasite.com,Louie Tregoning,2021-02-23 12:55:50.914667,2021-02-23 12:55:50.914667,
895,mellorou,mellorou@fotki.com,Murvyn Ellor,2021-02-23 12:55:50.914667,2021-02-23 12:55:50.914667,
896,mcormackov,mcormackov@home.pl,Marigold Cormack,2021-02-23 12:55:50.914667,2021-02-23 12:55:50.914667,
897,vathersmithow,vathersmithow@imdb.com,Vicky Athersmith,2021-02-23 12:55:50.914667,2021-02-23 12:55:50.914667,
898,bwitulox,bwitulox@boston.com,Bunny Witul,2021-02-23 12:55:50.914667,2021-02-23 12:55:50.914667,
899,osmedmoreoy,osmedmoreoy@hud.gov,Obie Smedmore,,2021-02-23 12:55:50.914667,
900,ffeasleyoz,ffeasleyoz@omniture.com,Friedrick Feasley,2021-02-23 12:55:50.914667,2021-02-23 12:55:50.914667,
901,wmishp0,wmishp0@mapquest.com,Willy Mish,,2021-02-23 12:55:50.914667,
902,kpitneyp1,kpitneyp1@princeton.edu,Kanya Pitney,,2021-02-23 12:55:50.914667,
903,hlorenzinp2,hlorenzinp2@dyndns.org,Hiram Lorenzin,,2021-02-23 12:55:50.914667,
904,coccleshawp3,coccleshawp3@soup.io,Conchita Occleshaw,2021-02-23 12:55:50.914667,2021-02-23 12:55:50.914667,
905,mlocksleyp4,mlocksleyp4@ezinearticles.com,Melvin Locksley,2021-02-23 12:55:50.914667,2021-02-23 12:55:50.914667,
906,wgladmanp5,wgladmanp5@yolasite.com,Wylma Gladman,2021-02-23 12:55:50.914667,2021-02-23 12:55:50.914667,
907,crandalstonp6,crandalstonp6@europa.eu,Charmian Randalston,,2021-02-23 12:55:50.914667,
908,eswiersp7,eswiersp7@toplist.cz,Emelen Swiers,2021-02-23 12:55:50.914667,2021-02-23 12:55:50.914667,
909,gbaxstarp8,gbaxstarp8@t.co,Glynn Baxstar,2021-02-23 12:55:50.914667,2021-02-23 12:55:50.914667,
910,hwilkowskip9,hwilkowskip9@wufoo.com,Hamel Wilkowski,,2021-02-23 12:55:50.914667,
911,gbigadikepa,gbigadikepa@newsvine.com,Gherardo Bigadike,2021-02-23 12:55:50.914667,2021-02-23 12:55:50.914667,
912,gweldonpb,gweldonpb@liveinternet.ru,Giulietta Weldon,2021-02-23 12:55:50.914667,2021-02-23 12:55:50.914667,
913,awaterhousepc,awaterhousepc@ucsd.edu,Any Waterhouse,,2021-02-23 12:55:50.914667,
914,shasslocherpd,shasslocherpd@delicious.com,Sibby Hasslocher,2021-02-23 12:55:50.914667,2021-02-23 12:55:50.914667,
915,jbreazeallpe,jbreazeallpe@miitbeian.gov.cn,Jarvis Breazeall,,2021-02-23 12:55:50.914667,
916,mstreetingpf,mstreetingpf@google.co.jp,Miguela Streeting,2021-02-23 12:55:50.914667,2021-02-23 12:55:50.914667,
917,mhensmanspg,mhensmanspg@washington.edu,Marin Hensmans,2021-02-23 12:55:50.914667,2021-02-23 12:55:50.914667,
918,klecountph,klecountph@printfriendly.com,Kerwinn Lecount,2021-02-23 12:55:50.914667,2021-02-23 12:55:50.914667,
919,elidbetterpi,elidbetterpi@msn.com,Elias Lidbetter,,2021-02-23 12:55:50.914667,
920,erizzettipj,erizzettipj@hugedomains.com,Eddy Rizzetti,2021-02-23 12:55:50.914667,2021-02-23 12:55:50.914667,
921,akarlemanpk,akarlemanpk@blogs.com,Adolphus Karleman,2020-10-08 12:55:50.914667,2020-10-08 12:55:50.914667,
922,gtivolierpl,gtivolierpl@istockphoto.com,Gerrie Tivolier,2020-10-08 12:55:50.914667,2020-10-08 12:55:50.914667,
923,kdohertypm,kdohertypm@mayoclinic.com,Katleen Doherty,2020-10-08 12:55:50.914667,2020-10-08 12:55:50.914667,
924,vwindridgepn,vwindridgepn@umn.edu,Viva Windridge,2020-10-08 12:55:50.914667,2020-10-08 12:55:50.914667,
925,hderrickpo,hderrickpo@wsj.com,Herculie Derrick,2020-10-08 12:55:50.914667,2020-10-08 12:55:50.914667,
926,edepp,edepp@360.cn,Elvis De Malchar,2020-10-08 12:55:50.914667,2020-10-08 12:55:50.914667,
927,jsappypq,jsappypq@sciencedaily.com,Jackqueline Sappy,,2020-10-08 12:55:50.914667,
928,cmottepr,cmottepr@bbc.co.uk,Carlotta Motte,,2020-10-08 12:55:50.914667,
929,saspinps,saspinps@wired.com,Sharl Aspin,2020-10-08 12:55:50.914667,2020-10-08 12:55:50.914667,
930,bbrookespt,bbrookespt@skyrock.com,Brigida Brookes,,2020-10-08 12:55:50.914667,
931,ebulmanpu,ebulmanpu@a8.net,Ethel Bulman,2020-10-08 12:55:50.914667,2020-10-08 12:55:50.914667,
932,vsaphinpv,vsaphinpv@cloudflare.com,Vaughan Saphin,2020-10-08 12:55:50.914667,2020-10-08 12:55:50.914667,
933,nbeuscherpw,nbeuscherpw@pen.io,Nikoletta Beuscher,2020-10-08 12:55:50.914667,2020-10-08 12:55:50.914667,
934,dhaxbiepx,dhaxbiepx@ed.gov,Derwin Haxbie,2020-10-08 12:55:50.914667,2020-10-08 12:55:50.914667,
935,jpankethmanpy,jpankethmanpy@admin.ch,Jaymee Pankethman,2020-10-08 12:55:50.914667,2020-10-08 12:55:50.914667,
936,fgoodwellpz,fgoodwellpz@twitpic.com,Fancy Goodwell,2020-10-08 12:55:50.914667,2020-10-08 12:55:50.914667,
937,bbartleq0,bbartleq0@washingtonpost.com,Benoit Bartle,2020-10-08 12:55:50.914667,2020-10-08 12:55:50.914667,
938,mfrowdeq1,mfrowdeq1@last.fm,Marijn Frowde,2020-10-08 12:55:50.914667,2020-10-08 12:55:50.914667,
939,msarneyq2,msarneyq2@businesswire.com,Marysa Sarney,2020-10-08 12:55:50.914667,2020-10-08 12:55:50.914667,
940,fgrethamq3,fgrethamq3@xinhuanet.com,Frankie Gretham,2020-10-08 12:55:50.914667,2020-10-08 12:55:50.914667,
941,cbullarq4,cbullarq4@feedburner.com,Clayborn Bullar,2020-10-08 12:55:50.914667,2020-10-08 12:55:50.914667,
942,omingoq5,omingoq5@walmart.com,Olenolin Mingo,,2020-10-08 12:55:50.914667,
943,aboorerq6,aboorerq6@weibo.com,Alaster Boorer,2020-10-08 12:55:50.914667,2020-10-08 12:55:50.914667,
944,tmcginnellq7,tmcginnellq7@trellian.com,Terri McGinnell,2020-10-08 12:55:50.914667,2020-10-08 12:55:50.914667,
945,amcureq8,amcureq8@auda.org.au,Ardis McUre,2020-10-08 12:55:50.914667,2020-10-08 12:55:50.914667,
946,rcrosthwaiteq9,rcrosthwaiteq9@bloglines.com,Romonda Crosthwaite,2020-10-08 12:55:50.914667,2020-10-08 12:55:50.914667,
947,hellifqa,hellifqa@mapy.cz,Hatti Ellif,,2020-10-08 12:55:50.914667,
948,ebullochqb,ebullochqb@salon.com,Else Bulloch,2020-10-08 12:55:50.914667,2020-10-08 12:55:50.914667,
949,ndunsmoreqc,ndunsmoreqc@vk.com,Nicolai Dunsmore,,2020-10-08 12:55:50.914667,
950,zbarleeqd,zbarleeqd@nyu.edu,Zarla Barlee,,2020-10-08 12:55:50.914667,
951,nsmealqe,nsmealqe@state.tx.us,Nicol Smeal,2020-10-08 12:55:50.914667,2020-10-08 12:55:50.914667,
952,zsnarrqf,zsnarrqf@mtv.com,Zebadiah Snarr,2020-10-08 12:55:50.914667,2020-10-08 12:55:50.914667,
953,wchieneqg,wchieneqg@delicious.com,Wash Chiene,,2020-10-08 12:55:50.914667,
954,olenoirqh,olenoirqh@craigslist.org,Oswald Lenoir,2020-10-08 12:55:50.914667,2020-10-08 12:55:50.914667,
955,ehowellqi,ehowellqi@blog.com,Elysha Howell,,2020-10-08 12:55:50.914667,
956,rduranqj,rduranqj@shinystat.com,Randall Duran,2020-10-08 12:55:50.914667,2020-10-08 12:55:50.914667,
957,ceplettqk,ceplettqk@hp.com,Chariot Eplett,,2020-10-08 12:55:50.914667,
958,rtrahearql,rtrahearql@sbwire.com,Rubie Trahear,,2020-10-08 12:55:50.914667,
959,djerransqm,djerransqm@indiatimes.com,Devan Jerrans,2020-10-08 12:55:50.914667,2020-10-08 12:55:50.914667,
960,iovertonqn,iovertonqn@creativecommons.org,Iris Overton,2020-10-08 12:55:50.914667,2020-10-08 12:55:50.914667,
961,lsenyardqo,lsenyardqo@paginegialle.it,Laural Senyard,,2020-10-08 12:55:50.914667,
962,rwestleyqp,rwestleyqp@about.me,Ronny Westley,2020-10-08 12:55:50.914667,2020-10-08 12:55:50.914667,
963,ehoyerqq,ehoyerqq@tumblr.com,Etta Hoyer,2020-10-08 12:55:50.914667,2020-10-08 12:55:50.914667,
964,remminsqr,remminsqr@so-net.ne.jp,Rosalie Emmins,2020-10-08 12:55:50.914667,2020-10-08 12:55:50.914667,
965,rfurberqs,rfurberqs@tripod.com,Rosalinde Furber,2020-10-08 12:55:50.914667,2020-10-08 12:55:50.914667,
966,chumpatchqt,chumpatchqt@mapquest.com,Catharina Humpatch,2020-10-08 12:55:50.914667,2020-10-08 12:55:50.914667,
967,sgovettqu,sgovettqu@engadget.com,Sorcha Govett,,2020-10-08 12:55:50.914667,
968,gwakeqv,gwakeqv@arstechnica.com,Gretta Wake,,2020-10-08 12:55:50.914667,
969,mperesqw,mperesqw@squarespace.com,Mylo Peres,2020-10-08 12:55:50.914667,2020-10-08 12:55:50.914667,
970,bwigfieldqx,bwigfieldqx@stumbleupon.com,Brander Wigfield,2020-10-08 12:55:50.914667,2020-10-08 12:55:50.914667,
971,eespineqy,eespineqy@sitemeter.com,Evangeline Espine,2020-10-08 12:55:50.914667,2020-10-08 12:55:50.914667,
972,fwilsteadqz,fwilsteadqz@moonfruit.com,Frasco Wilstead,2020-10-08 12:55:50.914667,2020-10-08 12:55:50.914667,
973,wlysaghtr0,wlysaghtr0@ovh.net,Windy Lysaght,,2020-10-08 12:55:50.914667,
974,jbrookerr1,jbrookerr1@mail.ru,Jermaine Brooker,,2020-10-08 12:55:50.914667,
975,aguinessr2,aguinessr2@geocities.com,Aldwin Guiness,,2020-10-08 12:55:50.914667,
976,kgormanr3,kgormanr3@ycombinator.com,Ketti Gorman,2020-10-08 12:55:50.914667,2020-10-08 12:55:50.914667,
977,fsnaddonr4,fsnaddonr4@hp.com,Frederique Snaddon,2020-10-08 12:55:50.914667,2020-10-08 12:55:50.914667,
978,lpacherr5,lpacherr5@qq.com,Lonee Pacher,2020-10-08 12:55:50.914667,2020-10-08 12:55:50.914667,
979,phenburyr6,phenburyr6@canalblog.com,Padgett Henbury,,2020-10-08 12:55:50.914667,
980,ksurmeyersr7,ksurmeyersr7@biblegateway.com,Kipp Surmeyers,2020-10-08 12:55:50.914667,2020-10-08 12:55:50.914667,
981,nmcpeicer8,nmcpeicer8@fc2.com,Nathalia McPeice,,2020-10-08 12:55:50.914667,
982,aollerenshawr9,aollerenshawr9@deliciousdays.com,Aleece Ollerenshaw,2020-10-08 12:55:50.914667,2020-10-08 12:55:50.914667,
983,kvigoursra,kvigoursra@senate.gov,Kelley Vigours,,2020-10-08 12:55:50.914667,
984,yshrawleyrb,yshrawleyrb@statcounter.com,Yasmin Shrawley,,2020-10-08 12:55:50.914667,
985,loffieldrc,loffieldrc@bizjournals.com,Levy Offield,2020-10-08 12:55:50.914667,2020-10-08 12:55:50.914667,
986,tlescoprd,tlescoprd@jigsy.com,Thorndike Lescop,,2020-10-08 12:55:50.914667,
987,mfazziolire,mfazziolire@dot.gov,Mathew Fazzioli,2020-10-08 12:55:50.914667,2020-10-08 12:55:50.914667,
988,wbasilirf,wbasilirf@163.com,Wainwright Basili,,2020-10-08 12:55:50.914667,
989,nbinnallrg,nbinnallrg@oakley.com,Noam Binnall,2020-10-08 12:55:50.914667,2020-10-08 12:55:50.914667,
990,abidderrh,abidderrh@cbslocal.com,Aksel Bidder,2020-10-08 12:55:50.914667,2020-10-08 12:55:50.914667,
991,hlinggoodri,hlinggoodri@miitbeian.gov.cn,Harmony Linggood,2020-10-08 12:55:50.914667,2020-10-08 12:55:50.914667,
992,mthonrj,mthonrj@statcounter.com,Merry Thon,2020-10-08 12:55:50.914667,2020-10-08 12:55:50.914667,
993,dcasillasrk,dcasillasrk@businesswire.com,Dorette Casillas,2020-10-08 12:55:50.914667,2020-10-08 12:55:50.914667,
994,lelverstonerl,lelverstonerl@webs.com,Lexi Elverstone,2020-10-08 12:55:50.914667,2020-10-08 12:55:50.914667,
995,mgraylandrm,mgraylandrm@hugedomains.com,Mitchael Grayland,2020-10-08 12:55:50.914667,2020-10-08 12:55:50.914667,
996,bmountlowrn,bmountlowrn@tripadvisor.com,Bertie Mountlow,,2020-10-08 12:55:50.914667,
997,csorensenro,csorensenro@pinterest.com,Casey Sorensen,2020-10-08 12:55:50.914667,2020-10-08 12:55:50.914667,
998,imcdowallrp,imcdowallrp@reddit.com,Ibbie McDowall,2020-10-08 12:55:50.914667,2020-10-08 12:55:50.914667,
999,ncuttellrr,ncuttellrr@unblog.fr,Nicole Cuttell,2020-10-08 12:55:50.914667,2020-10-08 12:55:50.914667,
1000,vovellrq,vovellrq@discuz.net,Vicky Ovell,,2020-10-08 12:55:50.914667,
1,dpuckring0,dpuckring0@wikimedia.org,Dicky Puckring,2021-10-12 17:45:18.781,2021-10-04 12:55:50.914667,
1002,harshmodi278,harshmodi278@gmail.com,Harsh Modi,2021-10-14 20:57:44.848,2021-10-12 17:53:43.575,https://lh3.googleusercontent.com/a-/AOh14GgLkxLPl2z8hnlTAYN2TUJAjpSPg4hdu_DXjlQn-K0=s96-c
